Benchmark,Device,Device Name,params_id,dist,Dim,Skipped,n_nodes,n_edges,Samples,CPU Time (us),Noise,GPU Time (us),Noise.1,Elem/s (elem/us)
agg_hg_basis_fg_n2n_post_fwd_bench,0,NVIDIA RTX A6000,0,uniform,16,No,2000,20000,1,53.020,inf,44.032,inf,454.215
agg_hg_basis_fg_n2n_post_fwd_bench,0,NVIDIA RTX A6000,1,uniform,16,No,4000,80000,1,136.016,inf,130.048,inf,615.157
agg_hg_basis_fg_n2n_post_fwd_bench,0,NVIDIA RTX A6000,2,uniform,16,No,10000,400000,1,700.773,inf,695.296,inf,575.295
agg_hg_basis_fg_n2n_post_fwd_bench,0,NVIDIA RTX A6000,3,uniform,16,No,100000,8000000,1,29240.393,inf,29234.177,inf,273.652
agg_hg_basis_fg_n2n_post_fwd_bench,0,NVIDIA RTX A6000,0,normal,16,No,2000,19158,1,40.636,inf,34.816,inf,550.264
agg_hg_basis_fg_n2n_post_fwd_bench,0,NVIDIA RTX A6000,1,normal,16,No,4000,79058,1,122.441,inf,117.760,inf,671.348
agg_hg_basis_fg_n2n_post_fwd_bench,0,NVIDIA RTX A6000,2,normal,16,No,10000,399665,1,647.152,inf,641.024,inf,623.479
agg_hg_basis_fg_n2n_post_fwd_bench,0,NVIDIA RTX A6000,3,normal,16,No,100000,8006558,1,29638.185,inf,29630.465,inf,270.214
agg_hg_basis_fg_n2n_post_fwd_bench,0,NVIDIA RTX A6000,0,power,16,No,2000,4226,1,37.321,inf,31.744,inf,133.128
agg_hg_basis_fg_n2n_post_fwd_bench,0,NVIDIA RTX A6000,1,power,16,No,4000,8891,1,68.308,inf,63.488,inf,140.042
agg_hg_basis_fg_n2n_post_fwd_bench,0,NVIDIA RTX A6000,2,power,16,No,10000,23634,1,156.375,inf,150.528,inf,157.007
agg_hg_basis_fg_n2n_post_fwd_bench,0,NVIDIA RTX A6000,3,power,16,No,100000,243988,1,2348.964,inf,2344.960,inf,104.048
agg_hg_basis_fg_n2n_post_fwd_bench,0,NVIDIA RTX A6000,0,uniform,32,No,2000,20000,1,47.981,inf,41.984,inf,476.372
agg_hg_basis_fg_n2n_post_fwd_bench,0,NVIDIA RTX A6000,1,uniform,32,No,4000,80000,1,148.550,inf,143.360,inf,558.036
agg_hg_basis_fg_n2n_post_fwd_bench,0,NVIDIA RTX A6000,2,uniform,32,No,10000,400000,1,768.070,inf,762.880,inf,524.329
agg_hg_basis_fg_n2n_post_fwd_bench,0,NVIDIA RTX A6000,3,uniform,32,No,100000,8000000,1,31510.417,inf,31503.361,inf,253.941
agg_hg_basis_fg_n2n_post_fwd_bench,0,NVIDIA RTX A6000,0,normal,32,No,2000,19158,1,42.521,inf,36.864,inf,519.694
agg_hg_basis_fg_n2n_post_fwd_bench,0,NVIDIA RTX A6000,1,normal,32,No,4000,79058,1,145.485,inf,140.288,inf,563.541
agg_hg_basis_fg_n2n_post_fwd_bench,0,NVIDIA RTX A6000,2,normal,32,No,10000,399665,1,703.398,inf,697.344,inf,573.125
agg_hg_basis_fg_n2n_post_fwd_bench,0,NVIDIA RTX A6000,3,normal,32,No,100000,8006558,1,32033.596,inf,32024.574,inf,250.013
agg_hg_basis_fg_n2n_post_fwd_bench,0,NVIDIA RTX A6000,0,power,32,No,2000,4226,1,37.601,inf,31.744,inf,133.128
agg_hg_basis_fg_n2n_post_fwd_bench,0,NVIDIA RTX A6000,1,power,32,No,4000,8891,1,78.808,inf,72.704,inf,122.290
agg_hg_basis_fg_n2n_post_fwd_bench,0,NVIDIA RTX A6000,2,power,32,No,10000,23634,1,172.035,inf,165.888,inf,142.470
agg_hg_basis_fg_n2n_post_fwd_bench,0,NVIDIA RTX A6000,3,power,32,No,100000,243988,1,2480.171,inf,2476.032,inf,98.540
agg_hg_basis_fg_n2n_post_fwd_bench,0,NVIDIA RTX A6000,0,uniform,64,No,2000,20000,1,55.114,inf,50.176,inf,398.597
agg_hg_basis_fg_n2n_post_fwd_bench,0,NVIDIA RTX A6000,1,uniform,64,No,4000,80000,1,250.243,inf,244.736,inf,326.883
agg_hg_basis_fg_n2n_post_fwd_bench,0,NVIDIA RTX A6000,2,uniform,64,No,10000,400000,1,1182.111,inf,1175.552,inf,340.266
agg_hg_basis_fg_n2n_post_fwd_bench,0,NVIDIA RTX A6000,3,uniform,64,No,100000,8000000,1,48885.334,inf,48877.567,inf,163.674
agg_hg_basis_fg_n2n_post_fwd_bench,0,NVIDIA RTX A6000,0,normal,64,No,2000,19158,1,53.210,inf,47.104,inf,406.717
agg_hg_basis_fg_n2n_post_fwd_bench,0,NVIDIA RTX A6000,1,normal,64,No,4000,79058,1,271.583,inf,264.192,inf,299.245
agg_hg_basis_fg_n2n_post_fwd_bench,0,NVIDIA RTX A6000,2,normal,64,No,10000,399665,1,1201.719,inf,1196.032,inf,334.159
agg_hg_basis_fg_n2n_post_fwd_bench,0,NVIDIA RTX A6000,3,normal,64,No,100000,8006558,1,49067.458,inf,49059.841,inf,163.200
agg_hg_basis_fg_n2n_post_fwd_bench,0,NVIDIA RTX A6000,0,power,64,No,2000,4226,1,46.808,inf,40.960,inf,103.174
agg_hg_basis_fg_n2n_post_fwd_bench,0,NVIDIA RTX A6000,1,power,64,No,4000,8891,1,108.395,inf,102.400,inf,86.826
agg_hg_basis_fg_n2n_post_fwd_bench,0,NVIDIA RTX A6000,2,power,64,No,10000,23634,1,248.349,inf,243.712,inf,96.975
agg_hg_basis_fg_n2n_post_fwd_bench,0,NVIDIA RTX A6000,3,power,64,No,100000,243988,1,3196.523,inf,3190.784,inf,76.466
agg_hg_basis_fg_n2n_post_bwd_bench,0,NVIDIA RTX A6000,0,uniform,16,No,2000,20000,1,372.083,inf,367.616,inf,54.405
agg_hg_basis_fg_n2n_post_bwd_bench,0,NVIDIA RTX A6000,1,uniform,16,No,4000,80000,1,2011.507,inf,2004.992,inf,39.900
agg_hg_basis_fg_n2n_post_bwd_bench,0,NVIDIA RTX A6000,2,uniform,16,No,10000,400000,1,8351.674,inf,8344.576,inf,47.935
agg_hg_basis_fg_n2n_post_bwd_bench,0,NVIDIA RTX A6000,3,uniform,16,No,100000,8000000,1,369769.772,inf,369757.355,inf,21.636
agg_hg_basis_fg_n2n_post_bwd_bench,0,NVIDIA RTX A6000,0,normal,16,No,2000,19158,1,315.485,inf,309.248,inf,61.950
agg_hg_basis_fg_n2n_post_bwd_bench,0,NVIDIA RTX A6000,1,normal,16,No,4000,79058,1,2008.271,inf,2002.944,inf,39.471
agg_hg_basis_fg_n2n_post_bwd_bench,0,NVIDIA RTX A6000,2,normal,16,No,10000,399665,1,9008.875,inf,9001.984,inf,44.397
agg_hg_basis_fg_n2n_post_bwd_bench,0,NVIDIA RTX A6000,3,normal,16,No,100000,8006558,1,379719.313,inf,379708.405,inf,21.086
agg_hg_basis_fg_n2n_post_bwd_bench,0,NVIDIA RTX A6000,0,power,16,No,2000,4226,1,186.932,inf,181.248,inf,23.316
agg_hg_basis_fg_n2n_post_bwd_bench,0,NVIDIA RTX A6000,1,power,16,No,4000,8891,1,492.129,inf,487.424,inf,18.241
agg_hg_basis_fg_n2n_post_bwd_bench,0,NVIDIA RTX A6000,2,power,16,No,10000,23634,1,1129.361,inf,1124.352,inf,21.020
agg_hg_basis_fg_n2n_post_bwd_bench,0,NVIDIA RTX A6000,3,power,16,No,100000,243988,1,25877.135,inf,25870.337,inf,9.431
agg_hg_basis_fg_n2n_post_bwd_bench,0,NVIDIA RTX A6000,0,uniform,32,No,2000,20000,1,370.209,inf,365.568,inf,54.709
agg_hg_basis_fg_n2n_post_bwd_bench,0,NVIDIA RTX A6000,1,uniform,32,No,4000,80000,1,2007.930,inf,2002.944,inf,39.941
agg_hg_basis_fg_n2n_post_bwd_bench,0,NVIDIA RTX A6000,2,uniform,32,No,10000,400000,1,8346.434,inf,8340.480,inf,47.959
agg_hg_basis_fg_n2n_post_bwd_bench,0,NVIDIA RTX A6000,3,uniform,32,No,100000,8000000,1,376261.565,inf,376249.359,inf,21.262
agg_hg_basis_fg_n2n_post_bwd_bench,0,NVIDIA RTX A6000,0,normal,32,No,2000,19158,1,315.004,inf,309.248,inf,61.950
agg_hg_basis_fg_n2n_post_bwd_bench,0,NVIDIA RTX A6000,1,normal,32,No,4000,79058,1,1947.355,inf,1940.480,inf,40.741
agg_hg_basis_fg_n2n_post_bwd_bench,0,NVIDIA RTX A6000,2,normal,32,No,10000,399665,1,8810.721,inf,8805.152,inf,45.390
agg_hg_basis_fg_n2n_post_bwd_bench,0,NVIDIA RTX A6000,3,normal,32,No,100000,8006558,1,383961.108,inf,383949.829,inf,20.853
agg_hg_basis_fg_n2n_post_bwd_bench,0,NVIDIA RTX A6000,0,power,32,No,2000,4226,1,180.681,inf,175.104,inf,24.134
agg_hg_basis_fg_n2n_post_bwd_bench,0,NVIDIA RTX A6000,1,power,32,No,4000,8891,1,487.570,inf,483.328,inf,18.395
agg_hg_basis_fg_n2n_post_bwd_bench,0,NVIDIA RTX A6000,2,power,32,No,10000,23634,1,1125.314,inf,1120.256,inf,21.097
agg_hg_basis_fg_n2n_post_bwd_bench,0,NVIDIA RTX A6000,3,power,32,No,100000,243988,1,26824.353,inf,26818.560,inf,9.098
agg_hg_basis_fg_n2n_post_bwd_bench,0,NVIDIA RTX A6000,0,uniform,64,No,2000,20000,1,375.890,inf,370.688,inf,53.954
agg_hg_basis_fg_n2n_post_bwd_bench,0,NVIDIA RTX A6000,1,uniform,64,No,4000,80000,1,2045.561,inf,2040.768,inf,39.201
agg_hg_basis_fg_n2n_post_bwd_bench,0,NVIDIA RTX A6000,2,uniform,64,No,10000,400000,1,8662.932,inf,8655.872,inf,46.211
agg_hg_basis_fg_n2n_post_bwd_bench,0,NVIDIA RTX A6000,3,uniform,64,No,100000,8000000,1,402195.677,inf,402178.040,inf,19.892
agg_hg_basis_fg_n2n_post_bwd_bench,0,NVIDIA RTX A6000,0,normal,64,No,2000,19158,1,325.505,inf,320.512,inf,59.773
agg_hg_basis_fg_n2n_post_bwd_bench,0,NVIDIA RTX A6000,1,normal,64,No,4000,79058,1,2050.259,inf,2044.928,inf,38.661
agg_hg_basis_fg_n2n_post_bwd_bench,0,NVIDIA RTX A6000,2,normal,64,No,10000,399665,1,9056.114,inf,9049.088,inf,44.166
agg_hg_basis_fg_n2n_post_bwd_bench,0,NVIDIA RTX A6000,3,normal,64,No,100000,8006558,1,410561.918,inf,410550.262,inf,19.502
agg_hg_basis_fg_n2n_post_bwd_bench,0,NVIDIA RTX A6000,0,power,64,No,2000,4226,1,194.086,inf,188.416,inf,22.429
agg_hg_basis_fg_n2n_post_bwd_bench,0,NVIDIA RTX A6000,1,power,64,No,4000,8891,1,527.345,inf,521.216,inf,17.058
agg_hg_basis_fg_n2n_post_bwd_bench,0,NVIDIA RTX A6000,2,power,64,No,10000,23634,1,1185.457,inf,1179.648,inf,20.035
agg_hg_basis_fg_n2n_post_bwd_bench,0,NVIDIA RTX A6000,3,power,64,No,100000,243988,1,26262.652,inf,26256.384,inf,9.293
