Benchmark,Device,Device Name,params_id,AggOpT,dist,Dim,Skipped,n_nodes,n_edges,Samples,CPU Time (us),Noise,GPU Time (us),Noise.1,Elem/s (elem/us)
agg_concat_fg_n2n_fwd_bench,0,NVIDIA RTX A6000,0,kMean,uniform,16,No,1000,10000,1,18.104,inf,9.216,inf,1085.069
agg_concat_fg_n2n_fwd_bench,0,NVIDIA RTX A6000,1,kMean,uniform,16,No,1000,20000,1,16.441,inf,11.264,inf,1775.568
agg_concat_fg_n2n_fwd_bench,0,NVIDIA RTX A6000,2,kMean,uniform,16,No,10000,200000,1,35.177,inf,29.696,inf,6734.914
agg_concat_fg_n2n_fwd_bench,0,NVIDIA RTX A6000,3,kMean,uniform,16,No,10000,400000,1,57.559,inf,51.200,inf,7812.500
agg_concat_fg_n2n_fwd_bench,0,NVIDIA RTX A6000,4,kMean,uniform,16,No,100000,4000000,1,489.443,inf,484.352,inf,8258.457
agg_concat_fg_n2n_fwd_bench,0,NVIDIA RTX A6000,5,kMean,uniform,16,No,100000,8000000,1,883.007,inf,877.568,inf,9116.103
agg_concat_fg_n2n_fwd_bench,0,NVIDIA RTX A6000,0,kMax,uniform,16,No,1000,10000,1,14.878,inf,9.216,inf,1085.069
agg_concat_fg_n2n_fwd_bench,0,NVIDIA RTX A6000,1,kMax,uniform,16,No,1000,20000,1,15.490,inf,10.240,inf,1953.125
agg_concat_fg_n2n_fwd_bench,0,NVIDIA RTX A6000,2,kMax,uniform,16,No,10000,200000,1,40.256,inf,34.816,inf,5744.485
agg_concat_fg_n2n_fwd_bench,0,NVIDIA RTX A6000,3,kMax,uniform,16,No,10000,400000,1,63.219,inf,57.344,inf,6975.446
agg_concat_fg_n2n_fwd_bench,0,NVIDIA RTX A6000,4,kMax,uniform,16,No,100000,4000000,1,590.584,inf,585.728,inf,6829.109
agg_concat_fg_n2n_fwd_bench,0,NVIDIA RTX A6000,5,kMax,uniform,16,No,100000,8000000,1,1060.080,inf,1054.720,inf,7584.951
agg_concat_fg_n2n_fwd_bench,0,NVIDIA RTX A6000,0,kMean,normal,16,No,1000,9646,1,17.794,inf,12.288,inf,784.993
agg_concat_fg_n2n_fwd_bench,0,NVIDIA RTX A6000,1,kMean,normal,16,No,1000,19754,1,23.014,inf,17.408,inf,1134.766
agg_concat_fg_n2n_fwd_bench,0,NVIDIA RTX A6000,2,kMean,normal,16,No,10000,197527,1,44.174,inf,38.912,inf,5076.249
agg_concat_fg_n2n_fwd_bench,0,NVIDIA RTX A6000,3,kMean,normal,16,No,10000,399665,1,72.888,inf,67.584,inf,5913.604
agg_concat_fg_n2n_fwd_bench,0,NVIDIA RTX A6000,4,kMean,normal,16,No,100000,3980302,1,590.554,inf,584.704,inf,6807.380
agg_concat_fg_n2n_fwd_bench,0,NVIDIA RTX A6000,5,kMean,normal,16,No,100000,8006558,1,1108.632,inf,1102.848,inf,7259.892
agg_concat_fg_n2n_fwd_bench,0,NVIDIA RTX A6000,0,kMax,normal,16,No,1000,9646,1,18.184,inf,12.288,inf,784.993
agg_concat_fg_n2n_fwd_bench,0,NVIDIA RTX A6000,1,kMax,normal,16,No,1000,19754,1,22.823,inf,18.432,inf,1071.723
agg_concat_fg_n2n_fwd_bench,0,NVIDIA RTX A6000,2,kMax,normal,16,No,10000,197527,1,48.812,inf,43.008,inf,4592.797
agg_concat_fg_n2n_fwd_bench,0,NVIDIA RTX A6000,3,kMax,normal,16,No,10000,399665,1,83.298,inf,77.824,inf,5135.498
agg_concat_fg_n2n_fwd_bench,0,NVIDIA RTX A6000,4,kMax,normal,16,No,100000,3980302,1,679.883,inf,674.816,inf,5898.351
agg_concat_fg_n2n_fwd_bench,0,NVIDIA RTX A6000,5,kMax,normal,16,No,100000,8006558,1,1276.499,inf,1269.760,inf,6305.568
agg_concat_fg_n2n_fwd_bench,0,NVIDIA RTX A6000,0,kMean,power,16,No,1000,2055,1,16.752,inf,11.328,inf,181.409
agg_concat_fg_n2n_fwd_bench,0,NVIDIA RTX A6000,1,kMean,power,16,No,1000,2182,1,19.888,inf,14.336,inf,152.204
agg_concat_fg_n2n_fwd_bench,0,NVIDIA RTX A6000,2,kMean,power,16,No,10000,22535,1,30.137,inf,23.552,inf,956.819
agg_concat_fg_n2n_fwd_bench,0,NVIDIA RTX A6000,3,kMean,power,16,No,10000,23634,1,39.505,inf,33.792,inf,699.396
agg_concat_fg_n2n_fwd_bench,0,NVIDIA RTX A6000,4,kMean,power,16,No,100000,236301,1,131.969,inf,126.976,inf,1860.990
agg_concat_fg_n2n_fwd_bench,0,NVIDIA RTX A6000,5,kMean,power,16,No,100000,243988,1,163.098,inf,156.672,inf,1557.317
agg_concat_fg_n2n_fwd_bench,0,NVIDIA RTX A6000,0,kMax,power,16,No,1000,2055,1,15.970,inf,10.240,inf,200.684
agg_concat_fg_n2n_fwd_bench,0,NVIDIA RTX A6000,1,kMax,power,16,No,1000,2182,1,21.430,inf,15.488,inf,140.883
agg_concat_fg_n2n_fwd_bench,0,NVIDIA RTX A6000,2,kMax,power,16,No,10000,22535,1,30.408,inf,25.600,inf,880.273
agg_concat_fg_n2n_fwd_bench,0,NVIDIA RTX A6000,3,kMax,power,16,No,10000,23634,1,41.388,inf,35.840,inf,659.431
agg_concat_fg_n2n_fwd_bench,0,NVIDIA RTX A6000,4,kMax,power,16,No,100000,236301,1,147.508,inf,143.360,inf,1648.305
agg_concat_fg_n2n_fwd_bench,0,NVIDIA RTX A6000,5,kMax,power,16,No,100000,243988,1,173.748,inf,167.936,inf,1452.863
agg_concat_fg_n2n_fwd_bench,0,NVIDIA RTX A6000,0,kMean,uniform,32,No,1000,10000,1,14.387,inf,9.216,inf,1085.069
agg_concat_fg_n2n_fwd_bench,0,NVIDIA RTX A6000,1,kMean,uniform,32,No,1000,20000,1,15.459,inf,10.240,inf,1953.125
agg_concat_fg_n2n_fwd_bench,0,NVIDIA RTX A6000,2,kMean,uniform,32,No,10000,200000,1,36.328,inf,31.744,inf,6300.403
agg_concat_fg_n2n_fwd_bench,0,NVIDIA RTX A6000,3,kMean,uniform,32,No,10000,400000,1,57.339,inf,52.224,inf,7659.314
agg_concat_fg_n2n_fwd_bench,0,NVIDIA RTX A6000,4,kMean,uniform,32,No,100000,4000000,1,593.079,inf,586.848,inf,6816.075
agg_concat_fg_n2n_fwd_bench,0,NVIDIA RTX A6000,5,kMean,uniform,32,No,100000,8000000,1,1075.059,inf,1070.080,inf,7476.076
agg_concat_fg_n2n_fwd_bench,0,NVIDIA RTX A6000,0,kMax,uniform,32,No,1000,10000,1,14.256,inf,8.192,inf,1220.703
agg_concat_fg_n2n_fwd_bench,0,NVIDIA RTX A6000,1,kMax,uniform,32,No,1000,20000,1,16.581,inf,11.264,inf,1775.568
agg_concat_fg_n2n_fwd_bench,0,NVIDIA RTX A6000,2,kMax,uniform,32,No,10000,200000,1,39.816,inf,34.816,inf,5744.485
agg_concat_fg_n2n_fwd_bench,0,NVIDIA RTX A6000,3,kMax,uniform,32,No,10000,400000,1,64.502,inf,59.392,inf,6734.914
agg_concat_fg_n2n_fwd_bench,0,NVIDIA RTX A6000,4,kMax,uniform,32,No,100000,4000000,1,697.576,inf,692.224,inf,5778.476
agg_concat_fg_n2n_fwd_bench,0,NVIDIA RTX A6000,5,kMax,uniform,32,No,100000,8000000,1,1271.800,inf,1266.688,inf,6315.683
agg_concat_fg_n2n_fwd_bench,0,NVIDIA RTX A6000,0,kMean,normal,32,No,1000,9646,1,17.924,inf,12.288,inf,784.993
agg_concat_fg_n2n_fwd_bench,0,NVIDIA RTX A6000,1,kMean,normal,32,No,1000,19754,1,22.773,inf,16.576,inf,1191.723
agg_concat_fg_n2n_fwd_bench,0,NVIDIA RTX A6000,2,kMean,normal,32,No,10000,197527,1,45.175,inf,40.960,inf,4822.437
agg_concat_fg_n2n_fwd_bench,0,NVIDIA RTX A6000,3,kMean,normal,32,No,10000,399665,1,74.851,inf,69.632,inf,5739.674
agg_concat_fg_n2n_fwd_bench,0,NVIDIA RTX A6000,4,kMean,normal,32,No,100000,3980302,1,699.290,inf,695.296,inf,5724.615
agg_concat_fg_n2n_fwd_bench,0,NVIDIA RTX A6000,5,kMean,normal,32,No,100000,8006558,1,1322.927,inf,1316.864,inf,6080.019
agg_concat_fg_n2n_fwd_bench,0,NVIDIA RTX A6000,0,kMax,normal,32,No,1000,9646,1,17.944,inf,12.288,inf,784.993
agg_concat_fg_n2n_fwd_bench,0,NVIDIA RTX A6000,1,kMax,normal,32,No,1000,19754,1,22.883,inf,17.408,inf,1134.766
agg_concat_fg_n2n_fwd_bench,0,NVIDIA RTX A6000,2,kMax,normal,32,No,10000,197527,1,49.103,inf,44.032,inf,4485.987
agg_concat_fg_n2n_fwd_bench,0,NVIDIA RTX A6000,3,kMax,normal,32,No,10000,399665,1,84.439,inf,77.824,inf,5135.498
agg_concat_fg_n2n_fwd_bench,0,NVIDIA RTX A6000,4,kMax,normal,32,No,100000,3980302,1,795.451,inf,789.504,inf,5041.522
agg_concat_fg_n2n_fwd_bench,0,NVIDIA RTX A6000,5,kMax,normal,32,No,100000,8006558,1,1503.227,inf,1498.112,inf,5344.432
agg_concat_fg_n2n_fwd_bench,0,NVIDIA RTX A6000,0,kMean,power,32,No,1000,2055,1,16.591,inf,11.264,inf,182.440
agg_concat_fg_n2n_fwd_bench,0,NVIDIA RTX A6000,1,kMean,power,32,No,1000,2182,1,21.471,inf,16.384,inf,133.179
agg_concat_fg_n2n_fwd_bench,0,NVIDIA RTX A6000,2,kMean,power,32,No,10000,22535,1,30.287,inf,24.576,inf,916.951
agg_concat_fg_n2n_fwd_bench,0,NVIDIA RTX A6000,3,kMean,power,32,No,10000,23634,1,38.503,inf,32.768,inf,721.252
agg_concat_fg_n2n_fwd_bench,0,NVIDIA RTX A6000,4,kMean,power,32,No,100000,236301,1,154.352,inf,147.456,inf,1602.519
agg_concat_fg_n2n_fwd_bench,0,NVIDIA RTX A6000,5,kMean,power,32,No,100000,243988,1,180.521,inf,175.104,inf,1393.389
agg_concat_fg_n2n_fwd_bench,0,NVIDIA RTX A6000,0,kMax,power,32,No,1000,2055,1,16.501,inf,12.288,inf,167.236
agg_concat_fg_n2n_fwd_bench,0,NVIDIA RTX A6000,1,kMax,power,32,No,1000,2182,1,20.539,inf,15.360,inf,142.057
agg_concat_fg_n2n_fwd_bench,0,NVIDIA RTX A6000,2,kMax,power,32,No,10000,22535,1,32.181,inf,26.624,inf,846.417
agg_concat_fg_n2n_fwd_bench,0,NVIDIA RTX A6000,3,kMax,power,32,No,10000,23634,1,41.057,inf,35.840,inf,659.431
agg_concat_fg_n2n_fwd_bench,0,NVIDIA RTX A6000,4,kMax,power,32,No,100000,236301,1,171.674,inf,165.888,inf,1424.461
agg_concat_fg_n2n_fwd_bench,0,NVIDIA RTX A6000,5,kMax,power,32,No,100000,243988,1,200.379,inf,195.584,inf,1247.484
agg_concat_fg_n2n_fwd_bench,0,NVIDIA RTX A6000,0,kMean,uniform,64,No,1000,10000,1,14.176,inf,8.192,inf,1220.703
agg_concat_fg_n2n_fwd_bench,0,NVIDIA RTX A6000,1,kMean,uniform,64,No,1000,20000,1,16.512,inf,11.456,inf,1745.810
agg_concat_fg_n2n_fwd_bench,0,NVIDIA RTX A6000,2,kMean,uniform,64,No,10000,200000,1,39.524,inf,33.792,inf,5918.561
agg_concat_fg_n2n_fwd_bench,0,NVIDIA RTX A6000,3,kMean,uniform,64,No,10000,400000,1,63.179,inf,58.368,inf,6853.070
agg_concat_fg_n2n_fwd_bench,0,NVIDIA RTX A6000,4,kMean,uniform,64,No,100000,4000000,1,1294.694,inf,1289.216,inf,3102.661
agg_concat_fg_n2n_fwd_bench,0,NVIDIA RTX A6000,5,kMean,uniform,64,No,100000,8000000,1,2438.263,inf,2433.024,inf,3288.089
agg_concat_fg_n2n_fwd_bench,0,NVIDIA RTX A6000,0,kMax,uniform,64,No,1000,10000,1,14.177,inf,9.216,inf,1085.069
agg_concat_fg_n2n_fwd_bench,0,NVIDIA RTX A6000,1,kMax,uniform,64,No,1000,20000,1,16.672,inf,10.240,inf,1953.125
agg_concat_fg_n2n_fwd_bench,0,NVIDIA RTX A6000,2,kMax,uniform,64,No,10000,200000,1,44.163,inf,38.912,inf,5139.803
agg_concat_fg_n2n_fwd_bench,0,NVIDIA RTX A6000,3,kMax,uniform,64,No,10000,400000,1,69.461,inf,64.512,inf,6200.397
agg_concat_fg_n2n_fwd_bench,0,NVIDIA RTX A6000,4,kMax,uniform,64,No,100000,4000000,1,1350.048,inf,1344.512,inf,2975.057
agg_concat_fg_n2n_fwd_bench,0,NVIDIA RTX A6000,5,kMax,uniform,64,No,100000,8000000,1,2526.248,inf,2521.088,inf,3173.233
agg_concat_fg_n2n_fwd_bench,0,NVIDIA RTX A6000,0,kMean,normal,64,No,1000,9646,1,16.431,inf,11.264,inf,856.357
agg_concat_fg_n2n_fwd_bench,0,NVIDIA RTX A6000,1,kMean,normal,64,No,1000,19754,1,23.214,inf,17.408,inf,1134.766
agg_concat_fg_n2n_fwd_bench,0,NVIDIA RTX A6000,2,kMean,normal,64,No,10000,197527,1,48.562,inf,43.008,inf,4592.797
agg_concat_fg_n2n_fwd_bench,0,NVIDIA RTX A6000,3,kMean,normal,64,No,10000,399665,1,80.001,inf,73.728,inf,5420.803
agg_concat_fg_n2n_fwd_bench,0,NVIDIA RTX A6000,4,kMean,normal,64,No,100000,3980302,1,1315.903,inf,1309.696,inf,3039.104
agg_concat_fg_n2n_fwd_bench,0,NVIDIA RTX A6000,5,kMean,normal,64,No,100000,8006558,1,2507.874,inf,2502.656,inf,3199.224
agg_concat_fg_n2n_fwd_bench,0,NVIDIA RTX A6000,0,kMax,normal,64,No,1000,9646,1,16.942,inf,11.264,inf,856.357
agg_concat_fg_n2n_fwd_bench,0,NVIDIA RTX A6000,1,kMax,normal,64,No,1000,19754,1,23.384,inf,17.408,inf,1134.766
agg_concat_fg_n2n_fwd_bench,0,NVIDIA RTX A6000,2,kMax,normal,64,No,10000,197527,1,53.240,inf,48.128,inf,4104.201
agg_concat_fg_n2n_fwd_bench,0,NVIDIA RTX A6000,3,kMax,normal,64,No,10000,399665,1,89.890,inf,83.968,inf,4759.730
agg_concat_fg_n2n_fwd_bench,0,NVIDIA RTX A6000,4,kMax,normal,64,No,100000,3980302,1,1371.178,inf,1366.016,inf,2913.803
agg_concat_fg_n2n_fwd_bench,0,NVIDIA RTX A6000,5,kMax,normal,64,No,100000,8006558,1,2570.782,inf,2565.120,inf,3121.319
agg_concat_fg_n2n_fwd_bench,0,NVIDIA RTX A6000,0,kMean,power,64,No,1000,2055,1,17.072,inf,12.288,inf,167.236
agg_concat_fg_n2n_fwd_bench,0,NVIDIA RTX A6000,1,kMean,power,64,No,1000,2182,1,20.639,inf,15.360,inf,142.057
agg_concat_fg_n2n_fwd_bench,0,NVIDIA RTX A6000,2,kMean,power,64,No,10000,22535,1,34.455,inf,28.672,inf,785.958
agg_concat_fg_n2n_fwd_bench,0,NVIDIA RTX A6000,3,kMean,power,64,No,10000,23634,1,45.105,inf,40.064,inf,589.906
agg_concat_fg_n2n_fwd_bench,0,NVIDIA RTX A6000,4,kMean,power,64,No,100000,236301,1,233.551,inf,228.352,inf,1034.810
agg_concat_fg_n2n_fwd_bench,0,NVIDIA RTX A6000,5,kMean,power,64,No,100000,243988,1,288.554,inf,283.648,inf,860.179
agg_concat_fg_n2n_fwd_bench,0,NVIDIA RTX A6000,0,kMax,power,64,No,1000,2055,1,16.121,inf,11.264,inf,182.440
agg_concat_fg_n2n_fwd_bench,0,NVIDIA RTX A6000,1,kMax,power,64,No,1000,2182,1,20.729,inf,16.384,inf,133.179
agg_concat_fg_n2n_fwd_bench,0,NVIDIA RTX A6000,2,kMax,power,64,No,10000,22535,1,37.501,inf,31.744,inf,709.898
agg_concat_fg_n2n_fwd_bench,0,NVIDIA RTX A6000,3,kMax,power,64,No,10000,23634,1,50.746,inf,45.056,inf,524.547
agg_concat_fg_n2n_fwd_bench,0,NVIDIA RTX A6000,4,kMax,power,64,No,100000,236301,1,274.438,inf,268.416,inf,880.354
agg_concat_fg_n2n_fwd_bench,0,NVIDIA RTX A6000,5,kMax,power,64,No,100000,243988,1,303.513,inf,297.984,inf,818.796
agg_concat_fg_n2n_bwd_bench,0,NVIDIA RTX A6000,0,kMean,uniform,16,No,1000,10000,1,16.652,inf,11.264,inf,887.784
agg_concat_fg_n2n_bwd_bench,0,NVIDIA RTX A6000,1,kMean,uniform,16,No,1000,20000,1,15.960,inf,11.264,inf,1775.568
agg_concat_fg_n2n_bwd_bench,0,NVIDIA RTX A6000,2,kMean,uniform,16,No,10000,200000,1,35.537,inf,29.696,inf,6734.914
agg_concat_fg_n2n_bwd_bench,0,NVIDIA RTX A6000,3,kMean,uniform,16,No,10000,400000,1,50.806,inf,46.080,inf,8680.555
agg_concat_fg_n2n_bwd_bench,0,NVIDIA RTX A6000,4,kMean,uniform,16,No,100000,4000000,1,531.874,inf,526.336,inf,7599.708
agg_concat_fg_n2n_bwd_bench,0,NVIDIA RTX A6000,5,kMean,uniform,16,No,100000,8000000,1,993.315,inf,987.136,inf,8104.253
agg_concat_fg_n2n_bwd_bench,0,NVIDIA RTX A6000,0,kMax,uniform,16,No,1000,10000,1,13.506,inf,8.192,inf,1220.703
agg_concat_fg_n2n_bwd_bench,0,NVIDIA RTX A6000,1,kMax,uniform,16,No,1000,20000,1,14.337,inf,9.216,inf,2170.139
agg_concat_fg_n2n_bwd_bench,0,NVIDIA RTX A6000,2,kMax,uniform,16,No,10000,200000,1,17.583,inf,11.264,inf,17755.682
agg_concat_fg_n2n_bwd_bench,0,NVIDIA RTX A6000,3,kMax,uniform,16,No,10000,400000,1,18.716,inf,12.288,inf,32552.082
agg_concat_fg_n2n_bwd_bench,0,NVIDIA RTX A6000,4,kMax,uniform,16,No,100000,4000000,1,143.811,inf,138.240,inf,28935.186
agg_concat_fg_n2n_bwd_bench,0,NVIDIA RTX A6000,5,kMax,uniform,16,No,100000,8000000,1,121.880,inf,116.736,inf,68530.700
agg_concat_fg_n2n_bwd_bench,0,NVIDIA RTX A6000,0,kMean,normal,16,No,1000,9646,1,19.066,inf,12.480,inf,772.917
agg_concat_fg_n2n_bwd_bench,0,NVIDIA RTX A6000,1,kMean,normal,16,No,1000,19754,1,19.116,inf,14.336,inf,1377.930
agg_concat_fg_n2n_bwd_bench,0,NVIDIA RTX A6000,2,kMean,normal,16,No,10000,197527,1,39.665,inf,34.816,inf,5673.455
agg_concat_fg_n2n_bwd_bench,0,NVIDIA RTX A6000,3,kMean,normal,16,No,10000,399665,1,64.222,inf,59.392,inf,6729.273
agg_concat_fg_n2n_bwd_bench,0,NVIDIA RTX A6000,4,kMean,normal,16,No,100000,3980302,1,528.457,inf,523.264,inf,7606.681
agg_concat_fg_n2n_bwd_bench,0,NVIDIA RTX A6000,5,kMean,normal,16,No,100000,8006558,1,1013.914,inf,1007.616,inf,7946.041
agg_concat_fg_n2n_bwd_bench,0,NVIDIA RTX A6000,0,kMax,normal,16,No,1000,9646,1,13.064,inf,7.168,inf,1345.703
agg_concat_fg_n2n_bwd_bench,0,NVIDIA RTX A6000,1,kMax,normal,16,No,1000,19754,1,14.487,inf,9.216,inf,2143.446
agg_concat_fg_n2n_bwd_bench,0,NVIDIA RTX A6000,2,kMax,normal,16,No,10000,197527,1,16.301,inf,11.264,inf,17536.133
agg_concat_fg_n2n_bwd_bench,0,NVIDIA RTX A6000,3,kMax,normal,16,No,10000,399665,1,18.795,inf,13.312,inf,30022.912
agg_concat_fg_n2n_bwd_bench,0,NVIDIA RTX A6000,4,kMax,normal,16,No,100000,3980302,1,138.221,inf,133.120,inf,29900.105
agg_concat_fg_n2n_bwd_bench,0,NVIDIA RTX A6000,5,kMax,normal,16,No,100000,8006558,1,126.018,inf,120.832,inf,66261.899
agg_concat_fg_n2n_bwd_bench,0,NVIDIA RTX A6000,0,kMean,power,16,No,1000,2055,1,16.061,inf,11.264,inf,182.440
agg_concat_fg_n2n_bwd_bench,0,NVIDIA RTX A6000,1,kMean,power,16,No,1000,2182,1,18.234,inf,13.312,inf,163.912
agg_concat_fg_n2n_bwd_bench,0,NVIDIA RTX A6000,2,kMean,power,16,No,10000,22535,1,27.001,inf,21.504,inf,1047.945
agg_concat_fg_n2n_bwd_bench,0,NVIDIA RTX A6000,3,kMean,power,16,No,10000,23634,1,30.417,inf,24.576,inf,961.670
agg_concat_fg_n2n_bwd_bench,0,NVIDIA RTX A6000,4,kMean,power,16,No,100000,236301,1,110.709,inf,105.472,inf,2240.415
agg_concat_fg_n2n_bwd_bench,0,NVIDIA RTX A6000,5,kMean,power,16,No,100000,243988,1,117.572,inf,112.640,inf,2166.087
agg_concat_fg_n2n_bwd_bench,0,NVIDIA RTX A6000,0,kMax,power,16,No,1000,2055,1,15.269,inf,9.216,inf,222.982
agg_concat_fg_n2n_bwd_bench,0,NVIDIA RTX A6000,1,kMax,power,16,No,1000,2182,1,12.724,inf,7.168,inf,304.408
agg_concat_fg_n2n_bwd_bench,0,NVIDIA RTX A6000,2,kMax,power,16,No,10000,22535,1,15.920,inf,11.264,inf,2000.621
agg_concat_fg_n2n_bwd_bench,0,NVIDIA RTX A6000,3,kMax,power,16,No,10000,23634,1,17.643,inf,12.288,inf,1923.340
agg_concat_fg_n2n_bwd_bench,0,NVIDIA RTX A6000,4,kMax,power,16,No,100000,236301,1,84.850,inf,78.848,inf,2996.918
agg_concat_fg_n2n_bwd_bench,0,NVIDIA RTX A6000,5,kMax,power,16,No,100000,243988,1,84.990,inf,79.872,inf,3054.738
agg_concat_fg_n2n_bwd_bench,0,NVIDIA RTX A6000,0,kMean,uniform,32,No,1000,10000,1,14.658,inf,9.216,inf,1085.069
agg_concat_fg_n2n_bwd_bench,0,NVIDIA RTX A6000,1,kMean,uniform,32,No,1000,20000,1,17.353,inf,12.288,inf,1627.604
agg_concat_fg_n2n_bwd_bench,0,NVIDIA RTX A6000,2,kMean,uniform,32,No,10000,200000,1,33.553,inf,28.672,inf,6975.446
agg_concat_fg_n2n_bwd_bench,0,NVIDIA RTX A6000,3,kMean,uniform,32,No,10000,400000,1,52.008,inf,47.104,inf,8491.848
agg_concat_fg_n2n_bwd_bench,0,NVIDIA RTX A6000,4,kMean,uniform,32,No,100000,4000000,1,1151.394,inf,1144.832,inf,3493.962
agg_concat_fg_n2n_bwd_bench,0,NVIDIA RTX A6000,5,kMean,uniform,32,No,100000,8000000,1,2220.331,inf,2213.888,inf,3613.552
agg_concat_fg_n2n_bwd_bench,0,NVIDIA RTX A6000,0,kMax,uniform,32,No,1000,10000,1,15.108,inf,9.216,inf,1085.069
agg_concat_fg_n2n_bwd_bench,0,NVIDIA RTX A6000,1,kMax,uniform,32,No,1000,20000,1,12.193,inf,8.192,inf,2441.406
agg_concat_fg_n2n_bwd_bench,0,NVIDIA RTX A6000,2,kMax,uniform,32,No,10000,200000,1,22.963,inf,17.504,inf,11425.960
agg_concat_fg_n2n_bwd_bench,0,NVIDIA RTX A6000,3,kMax,uniform,32,No,10000,400000,1,21.521,inf,16.384,inf,24414.063
agg_concat_fg_n2n_bwd_bench,0,NVIDIA RTX A6000,4,kMax,uniform,32,No,100000,4000000,1,392.941,inf,387.072,inf,10333.995
agg_concat_fg_n2n_bwd_bench,0,NVIDIA RTX A6000,5,kMax,uniform,32,No,100000,8000000,1,434.871,inf,429.888,inf,18609.498
agg_concat_fg_n2n_bwd_bench,0,NVIDIA RTX A6000,0,kMean,normal,32,No,1000,9646,1,16.321,inf,10.240,inf,941.992
agg_concat_fg_n2n_bwd_bench,0,NVIDIA RTX A6000,1,kMean,normal,32,No,1000,19754,1,20.749,inf,15.360,inf,1286.068
agg_concat_fg_n2n_bwd_bench,0,NVIDIA RTX A6000,2,kMean,normal,32,No,10000,197527,1,37.921,inf,32.928,inf,5998.755
agg_concat_fg_n2n_bwd_bench,0,NVIDIA RTX A6000,3,kMean,normal,32,No,10000,399665,1,61.827,inf,56.320,inf,7096.325
agg_concat_fg_n2n_bwd_bench,0,NVIDIA RTX A6000,4,kMean,normal,32,No,100000,3980302,1,1140.933,inf,1134.592,inf,3508.135
agg_concat_fg_n2n_bwd_bench,0,NVIDIA RTX A6000,5,kMean,normal,32,No,100000,8006558,1,2240.649,inf,2235.392,inf,3581.724
agg_concat_fg_n2n_bwd_bench,0,NVIDIA RTX A6000,0,kMax,normal,32,No,1000,9646,1,14.698,inf,9.216,inf,1046.658
agg_concat_fg_n2n_bwd_bench,0,NVIDIA RTX A6000,1,kMax,normal,32,No,1000,19754,1,12.263,inf,7.168,inf,2755.859
agg_concat_fg_n2n_bwd_bench,0,NVIDIA RTX A6000,2,kMax,normal,32,No,10000,197527,1,23.374,inf,17.408,inf,11346.909
agg_concat_fg_n2n_bwd_bench,0,NVIDIA RTX A6000,3,kMax,normal,32,No,10000,399665,1,21.180,inf,16.384,inf,24393.616
agg_concat_fg_n2n_bwd_bench,0,NVIDIA RTX A6000,4,kMax,normal,32,No,100000,3980302,1,371.011,inf,364.608,inf,10916.661
agg_concat_fg_n2n_bwd_bench,0,NVIDIA RTX A6000,5,kMax,normal,32,No,100000,8006558,1,369.106,inf,363.520,inf,22025.083
agg_concat_fg_n2n_bwd_bench,0,NVIDIA RTX A6000,0,kMean,power,32,No,1000,2055,1,15.619,inf,10.240,inf,200.684
agg_concat_fg_n2n_bwd_bench,0,NVIDIA RTX A6000,1,kMean,power,32,No,1000,2182,1,19.647,inf,13.312,inf,163.912
agg_concat_fg_n2n_bwd_bench,0,NVIDIA RTX A6000,2,kMean,power,32,No,10000,22535,1,25.629,inf,20.480,inf,1100.342
agg_concat_fg_n2n_bwd_bench,0,NVIDIA RTX A6000,3,kMean,power,32,No,10000,23634,1,31.890,inf,27.648,inf,854.818
agg_concat_fg_n2n_bwd_bench,0,NVIDIA RTX A6000,4,kMean,power,32,No,100000,236301,1,172.155,inf,166.912,inf,1415.722
agg_concat_fg_n2n_bwd_bench,0,NVIDIA RTX A6000,5,kMean,power,32,No,100000,243988,1,183.617,inf,178.176,inf,1369.365
agg_concat_fg_n2n_bwd_bench,0,NVIDIA RTX A6000,0,kMax,power,32,No,1000,2055,1,13.194,inf,7.168,inf,286.691
agg_concat_fg_n2n_bwd_bench,0,NVIDIA RTX A6000,1,kMax,power,32,No,1000,2182,1,13.214,inf,8.192,inf,266.357
agg_concat_fg_n2n_bwd_bench,0,NVIDIA RTX A6000,2,kMax,power,32,No,10000,22535,1,21.490,inf,16.384,inf,1375.427
agg_concat_fg_n2n_bwd_bench,0,NVIDIA RTX A6000,3,kMax,power,32,No,10000,23634,1,19.667,inf,15.360,inf,1538.672
agg_concat_fg_n2n_bwd_bench,0,NVIDIA RTX A6000,4,kMax,power,32,No,100000,236301,1,181.443,inf,175.968,inf,1342.863
agg_concat_fg_n2n_bwd_bench,0,NVIDIA RTX A6000,5,kMax,power,32,No,100000,243988,1,170.803,inf,165.888,inf,1470.800
agg_concat_fg_n2n_bwd_bench,0,NVIDIA RTX A6000,0,kMean,uniform,64,No,1000,10000,1,18.585,inf,13.408,inf,745.823
agg_concat_fg_n2n_bwd_bench,0,NVIDIA RTX A6000,1,kMean,uniform,64,No,1000,20000,1,18.154,inf,13.312,inf,1502.404
agg_concat_fg_n2n_bwd_bench,0,NVIDIA RTX A6000,2,kMean,uniform,64,No,10000,200000,1,48.732,inf,44.032,inf,4542.151
agg_concat_fg_n2n_bwd_bench,0,NVIDIA RTX A6000,3,kMean,uniform,64,No,10000,400000,1,77.907,inf,72.544,inf,5513.895
agg_concat_fg_n2n_bwd_bench,0,NVIDIA RTX A6000,4,kMean,uniform,64,No,100000,4000000,1,2720.956,inf,2714.624,inf,1473.501
agg_concat_fg_n2n_bwd_bench,0,NVIDIA RTX A6000,5,kMean,uniform,64,No,100000,8000000,1,5325.793,inf,5319.680,inf,1503.850
agg_concat_fg_n2n_bwd_bench,0,NVIDIA RTX A6000,0,kMax,uniform,64,No,1000,10000,1,13.495,inf,9.216,inf,1085.069
agg_concat_fg_n2n_bwd_bench,0,NVIDIA RTX A6000,1,kMax,uniform,64,No,1000,20000,1,16.251,inf,11.264,inf,1775.568
agg_concat_fg_n2n_bwd_bench,0,NVIDIA RTX A6000,2,kMax,uniform,64,No,10000,200000,1,35.137,inf,30.720,inf,6510.417
agg_concat_fg_n2n_bwd_bench,0,NVIDIA RTX A6000,3,kMax,uniform,64,No,10000,400000,1,37.201,inf,31.744,inf,12600.807
agg_concat_fg_n2n_bwd_bench,0,NVIDIA RTX A6000,4,kMax,uniform,64,No,100000,4000000,1,1082.183,inf,1077.248,inf,3713.165
agg_concat_fg_n2n_bwd_bench,0,NVIDIA RTX A6000,5,kMax,uniform,64,No,100000,8000000,1,1156.443,inf,1149.952,inf,6956.812
agg_concat_fg_n2n_bwd_bench,0,NVIDIA RTX A6000,0,kMean,normal,64,No,1000,9646,1,20.148,inf,14.336,inf,672.852
agg_concat_fg_n2n_bwd_bench,0,NVIDIA RTX A6000,1,kMean,normal,64,No,1000,19754,1,22.091,inf,16.384,inf,1205.688
agg_concat_fg_n2n_bwd_bench,0,NVIDIA RTX A6000,2,kMean,normal,64,No,10000,197527,1,55.815,inf,50.176,inf,3936.683
agg_concat_fg_n2n_bwd_bench,0,NVIDIA RTX A6000,3,kMean,normal,64,No,10000,399665,1,87.896,inf,82.944,inf,4818.492
agg_concat_fg_n2n_bwd_bench,0,NVIDIA RTX A6000,4,kMean,normal,64,No,100000,3980302,1,2711.217,inf,2704.384,inf,1471.796
agg_concat_fg_n2n_bwd_bench,0,NVIDIA RTX A6000,5,kMean,normal,64,No,100000,8006558,1,5240.662,inf,5234.784,inf,1529.492
agg_concat_fg_n2n_bwd_bench,0,NVIDIA RTX A6000,0,kMax,normal,64,No,1000,9646,1,14.738,inf,10.240,inf,941.992
agg_concat_fg_n2n_bwd_bench,0,NVIDIA RTX A6000,1,kMax,normal,64,No,1000,19754,1,16.191,inf,11.264,inf,1753.729
agg_concat_fg_n2n_bwd_bench,0,NVIDIA RTX A6000,2,kMax,normal,64,No,10000,197527,1,33.914,inf,28.672,inf,6889.195
agg_concat_fg_n2n_bwd_bench,0,NVIDIA RTX A6000,3,kMax,normal,64,No,10000,399665,1,38.873,inf,31.744,inf,12590.253
agg_concat_fg_n2n_bwd_bench,0,NVIDIA RTX A6000,4,kMax,normal,64,No,100000,3980302,1,1005.127,inf,999.424,inf,3982.596
agg_concat_fg_n2n_bwd_bench,0,NVIDIA RTX A6000,5,kMax,normal,64,No,100000,8006558,1,1095.528,inf,1089.536,inf,7348.595
agg_concat_fg_n2n_bwd_bench,0,NVIDIA RTX A6000,0,kMean,power,64,No,1000,2055,1,19.867,inf,14.272,inf,143.988
agg_concat_fg_n2n_bwd_bench,0,NVIDIA RTX A6000,1,kMean,power,64,No,1000,2182,1,19.968,inf,15.360,inf,142.057
agg_concat_fg_n2n_bwd_bench,0,NVIDIA RTX A6000,2,kMean,power,64,No,10000,22535,1,37.020,inf,31.744,inf,709.898
agg_concat_fg_n2n_bwd_bench,0,NVIDIA RTX A6000,3,kMean,power,64,No,10000,23634,1,42.040,inf,36.864,inf,641.113
agg_concat_fg_n2n_bwd_bench,0,NVIDIA RTX A6000,4,kMean,power,64,No,100000,236301,1,365.259,inf,360.448,inf,655.576
agg_concat_fg_n2n_bwd_bench,0,NVIDIA RTX A6000,5,kMean,power,64,No,100000,243988,1,373.305,inf,367.616,inf,663.703
agg_concat_fg_n2n_bwd_bench,0,NVIDIA RTX A6000,0,kMax,power,64,No,1000,2055,1,14.407,inf,9.216,inf,222.982
agg_concat_fg_n2n_bwd_bench,0,NVIDIA RTX A6000,1,kMax,power,64,No,1000,2182,1,15.389,inf,11.264,inf,193.714
agg_concat_fg_n2n_bwd_bench,0,NVIDIA RTX A6000,2,kMax,power,64,No,10000,22535,1,29.336,inf,24.576,inf,916.951
agg_concat_fg_n2n_bwd_bench,0,NVIDIA RTX A6000,3,kMax,power,64,No,10000,23634,1,31.749,inf,26.624,inf,887.695
agg_concat_fg_n2n_bwd_bench,0,NVIDIA RTX A6000,4,kMax,power,64,No,100000,236301,1,354.499,inf,349.184,inf,676.723
agg_concat_fg_n2n_bwd_bench,0,NVIDIA RTX A6000,5,kMax,power,64,No,100000,243988,1,355.591,inf,350.208,inf,696.695
