Benchmark,Device,Device Name,params_id,AggOpT,dist,Dim,Skipped,n_nodes,n_edges,Samples,CPU Time (us),Noise,GPU Time (us),Noise.1,Elem/s (elem/us)
agg_simple_fg_n2n_fwd_bench,0,NVIDIA RTX A6000,0,kMean,uniform,16,No,1000,10000,1,18.595,inf,9.216,inf,1085.069
agg_simple_fg_n2n_fwd_bench,0,NVIDIA RTX A6000,1,kMean,uniform,16,No,1000,20000,1,16.051,inf,11.264,inf,1775.568
agg_simple_fg_n2n_fwd_bench,0,NVIDIA RTX A6000,2,kMean,uniform,16,No,10000,200000,1,34.836,inf,28.672,inf,6975.446
agg_simple_fg_n2n_fwd_bench,0,NVIDIA RTX A6000,3,kMean,uniform,16,No,10000,400000,1,55.905,inf,51.136,inf,7822.278
agg_simple_fg_n2n_fwd_bench,0,NVIDIA RTX A6000,4,kMean,uniform,16,No,100000,4000000,1,463.033,inf,457.728,inf,8738.814
agg_simple_fg_n2n_fwd_bench,0,NVIDIA RTX A6000,5,kMean,uniform,16,No,100000,8000000,1,856.447,inf,850.944,inf,9401.324
agg_simple_fg_n2n_fwd_bench,0,NVIDIA RTX A6000,0,kMax,uniform,16,No,1000,10000,1,13.846,inf,8.192,inf,1220.703
agg_simple_fg_n2n_fwd_bench,0,NVIDIA RTX A6000,1,kMax,uniform,16,No,1000,20000,1,15.399,inf,10.240,inf,1953.125
agg_simple_fg_n2n_fwd_bench,0,NVIDIA RTX A6000,2,kMax,uniform,16,No,10000,200000,1,39.064,inf,33.600,inf,5952.381
agg_simple_fg_n2n_fwd_bench,0,NVIDIA RTX A6000,3,kMax,uniform,16,No,10000,400000,1,61.957,inf,57.344,inf,6975.446
agg_simple_fg_n2n_fwd_bench,0,NVIDIA RTX A6000,4,kMax,uniform,16,No,100000,4000000,1,559.726,inf,555.008,inf,7207.103
agg_simple_fg_n2n_fwd_bench,0,NVIDIA RTX A6000,5,kMax,uniform,16,No,100000,8000000,1,1027.720,inf,1021.952,inf,7828.156
agg_simple_fg_n2n_fwd_bench,0,NVIDIA RTX A6000,0,kMean,normal,16,No,1000,9646,1,17.503,inf,11.264,inf,856.357
agg_simple_fg_n2n_fwd_bench,0,NVIDIA RTX A6000,1,kMean,normal,16,No,1000,19754,1,22.272,inf,17.408,inf,1134.766
agg_simple_fg_n2n_fwd_bench,0,NVIDIA RTX A6000,2,kMean,normal,16,No,10000,197527,1,44.284,inf,38.912,inf,5076.249
agg_simple_fg_n2n_fwd_bench,0,NVIDIA RTX A6000,3,kMean,normal,16,No,10000,399665,1,72.487,inf,67.488,inf,5922.016
agg_simple_fg_n2n_fwd_bench,0,NVIDIA RTX A6000,4,kMean,normal,16,No,100000,3980302,1,564.035,inf,558.080,inf,7132.135
agg_simple_fg_n2n_fwd_bench,0,NVIDIA RTX A6000,5,kMean,normal,16,No,100000,8006558,1,1082.273,inf,1077.152,inf,7433.081
agg_simple_fg_n2n_fwd_bench,0,NVIDIA RTX A6000,0,kMax,normal,16,No,1000,9646,1,16.872,inf,11.264,inf,856.357
agg_simple_fg_n2n_fwd_bench,0,NVIDIA RTX A6000,1,kMax,normal,16,No,1000,19754,1,22.683,inf,17.408,inf,1134.766
agg_simple_fg_n2n_fwd_bench,0,NVIDIA RTX A6000,2,kMax,normal,16,No,10000,197527,1,47.299,inf,41.984,inf,4704.816
agg_simple_fg_n2n_fwd_bench,0,NVIDIA RTX A6000,3,kMax,normal,16,No,10000,399665,1,81.163,inf,75.776,inf,5274.295
agg_simple_fg_n2n_fwd_bench,0,NVIDIA RTX A6000,4,kMax,normal,16,No,100000,3980302,1,652.101,inf,646.144,inf,6160.085
agg_simple_fg_n2n_fwd_bench,0,NVIDIA RTX A6000,5,kMax,normal,16,No,100000,8006558,1,1247.865,inf,1242.112,inf,6445.923
agg_simple_fg_n2n_fwd_bench,0,NVIDIA RTX A6000,0,kMean,power,16,No,1000,2055,1,17.733,inf,12.288,inf,167.236
agg_simple_fg_n2n_fwd_bench,0,NVIDIA RTX A6000,1,kMean,power,16,No,1000,2182,1,21.511,inf,16.384,inf,133.179
agg_simple_fg_n2n_fwd_bench,0,NVIDIA RTX A6000,2,kMean,power,16,No,10000,22535,1,30.718,inf,25.504,inf,883.587
agg_simple_fg_n2n_fwd_bench,0,NVIDIA RTX A6000,3,kMean,power,16,No,10000,23634,1,39.314,inf,33.792,inf,699.396
agg_simple_fg_n2n_fwd_bench,0,NVIDIA RTX A6000,4,kMean,power,16,No,100000,236301,1,119.095,inf,113.664,inf,2078.943
agg_simple_fg_n2n_fwd_bench,0,NVIDIA RTX A6000,5,kMean,power,16,No,100000,243988,1,148.400,inf,143.360,inf,1701.925
agg_simple_fg_n2n_fwd_bench,0,NVIDIA RTX A6000,0,kMax,power,16,No,1000,2055,1,17.423,inf,11.264,inf,182.440
agg_simple_fg_n2n_fwd_bench,0,NVIDIA RTX A6000,1,kMax,power,16,No,1000,2182,1,22.582,inf,17.408,inf,125.345
agg_simple_fg_n2n_fwd_bench,0,NVIDIA RTX A6000,2,kMax,power,16,No,10000,22535,1,30.257,inf,24.576,inf,916.951
agg_simple_fg_n2n_fwd_bench,0,NVIDIA RTX A6000,3,kMax,power,16,No,10000,23634,1,43.032,inf,37.888,inf,623.786
agg_simple_fg_n2n_fwd_bench,0,NVIDIA RTX A6000,4,kMax,power,16,No,100000,236301,1,137.660,inf,132.096,inf,1788.858
agg_simple_fg_n2n_fwd_bench,0,NVIDIA RTX A6000,5,kMax,power,16,No,100000,243988,1,161.164,inf,155.648,inf,1567.563
agg_simple_fg_n2n_fwd_bench,0,NVIDIA RTX A6000,0,kMean,uniform,32,No,1000,10000,1,14.267,inf,8.192,inf,1220.703
agg_simple_fg_n2n_fwd_bench,0,NVIDIA RTX A6000,1,kMean,uniform,32,No,1000,20000,1,15.720,inf,10.240,inf,1953.125
agg_simple_fg_n2n_fwd_bench,0,NVIDIA RTX A6000,2,kMean,uniform,32,No,10000,200000,1,35.958,inf,30.688,inf,6517.205
agg_simple_fg_n2n_fwd_bench,0,NVIDIA RTX A6000,3,kMean,uniform,32,No,10000,400000,1,55.936,inf,50.176,inf,7971.939
agg_simple_fg_n2n_fwd_bench,0,NVIDIA RTX A6000,4,kMean,uniform,32,No,100000,4000000,1,563.984,inf,559.040,inf,7155.123
agg_simple_fg_n2n_fwd_bench,0,NVIDIA RTX A6000,5,kMean,uniform,32,No,100000,8000000,1,1045.543,inf,1039.360,inf,7697.044
agg_simple_fg_n2n_fwd_bench,0,NVIDIA RTX A6000,0,kMax,uniform,32,No,1000,10000,1,13.415,inf,8.192,inf,1220.703
agg_simple_fg_n2n_fwd_bench,0,NVIDIA RTX A6000,1,kMax,uniform,32,No,1000,20000,1,16.431,inf,11.264,inf,1775.568
agg_simple_fg_n2n_fwd_bench,0,NVIDIA RTX A6000,2,kMax,uniform,32,No,10000,200000,1,40.286,inf,33.792,inf,5918.561
agg_simple_fg_n2n_fwd_bench,0,NVIDIA RTX A6000,3,kMax,uniform,32,No,10000,400000,1,62.769,inf,58.368,inf,6853.070
agg_simple_fg_n2n_fwd_bench,0,NVIDIA RTX A6000,4,kMax,uniform,32,No,100000,4000000,1,669.974,inf,664.576,inf,6018.875
agg_simple_fg_n2n_fwd_bench,0,NVIDIA RTX A6000,5,kMax,uniform,32,No,100000,8000000,1,1244.489,inf,1238.016,inf,6461.952
agg_simple_fg_n2n_fwd_bench,0,NVIDIA RTX A6000,0,kMean,normal,32,No,1000,9646,1,17.113,inf,11.264,inf,856.357
agg_simple_fg_n2n_fwd_bench,0,NVIDIA RTX A6000,1,kMean,normal,32,No,1000,19754,1,21.781,inf,16.384,inf,1205.688
agg_simple_fg_n2n_fwd_bench,0,NVIDIA RTX A6000,2,kMean,normal,32,No,10000,197527,1,44.033,inf,38.912,inf,5076.249
agg_simple_fg_n2n_fwd_bench,0,NVIDIA RTX A6000,3,kMean,normal,32,No,10000,399665,1,72.427,inf,67.584,inf,5913.604
agg_simple_fg_n2n_fwd_bench,0,NVIDIA RTX A6000,4,kMean,normal,32,No,100000,3980302,1,673.411,inf,667.648,inf,5961.677
agg_simple_fg_n2n_fwd_bench,0,NVIDIA RTX A6000,5,kMean,normal,32,No,100000,8006558,1,1295.375,inf,1289.216,inf,6210.408
agg_simple_fg_n2n_fwd_bench,0,NVIDIA RTX A6000,0,kMax,normal,32,No,1000,9646,1,17.814,inf,12.288,inf,784.993
agg_simple_fg_n2n_fwd_bench,0,NVIDIA RTX A6000,1,kMax,normal,32,No,1000,19754,1,23.244,inf,17.408,inf,1134.766
agg_simple_fg_n2n_fwd_bench,0,NVIDIA RTX A6000,2,kMax,normal,32,No,10000,197527,1,48.051,inf,43.008,inf,4592.797
agg_simple_fg_n2n_fwd_bench,0,NVIDIA RTX A6000,3,kMax,normal,32,No,10000,399665,1,83.899,inf,77.824,inf,5135.498
agg_simple_fg_n2n_fwd_bench,0,NVIDIA RTX A6000,4,kMax,normal,32,No,100000,3980302,1,767.999,inf,761.856,inf,5224.481
agg_simple_fg_n2n_fwd_bench,0,NVIDIA RTX A6000,5,kMax,normal,32,No,100000,8006558,1,1477.128,inf,1471.488,inf,5441.130
agg_simple_fg_n2n_fwd_bench,0,NVIDIA RTX A6000,0,kMean,power,32,No,1000,2055,1,18.024,inf,11.392,inf,180.390
agg_simple_fg_n2n_fwd_bench,0,NVIDIA RTX A6000,1,kMean,power,32,No,1000,2182,1,22.061,inf,17.408,inf,125.345
agg_simple_fg_n2n_fwd_bench,0,NVIDIA RTX A6000,2,kMean,power,32,No,10000,22535,1,30.869,inf,25.600,inf,880.273
agg_simple_fg_n2n_fwd_bench,0,NVIDIA RTX A6000,3,kMean,power,32,No,10000,23634,1,41.418,inf,36.864,inf,641.113
agg_simple_fg_n2n_fwd_bench,0,NVIDIA RTX A6000,4,kMean,power,32,No,100000,236301,1,130.506,inf,124.928,inf,1891.498
agg_simple_fg_n2n_fwd_bench,0,NVIDIA RTX A6000,5,kMean,power,32,No,100000,243988,1,159.601,inf,154.624,inf,1577.944
agg_simple_fg_n2n_fwd_bench,0,NVIDIA RTX A6000,0,kMax,power,32,No,1000,2055,1,18.585,inf,13.312,inf,154.372
agg_simple_fg_n2n_fwd_bench,0,NVIDIA RTX A6000,1,kMax,power,32,No,1000,2182,1,21.891,inf,16.384,inf,133.179
agg_simple_fg_n2n_fwd_bench,0,NVIDIA RTX A6000,2,kMax,power,32,No,10000,22535,1,32.802,inf,26.720,inf,843.376
agg_simple_fg_n2n_fwd_bench,0,NVIDIA RTX A6000,3,kMax,power,32,No,10000,23634,1,43.552,inf,38.912,inf,607.371
agg_simple_fg_n2n_fwd_bench,0,NVIDIA RTX A6000,4,kMax,power,32,No,100000,236301,1,149.242,inf,143.360,inf,1648.305
agg_simple_fg_n2n_fwd_bench,0,NVIDIA RTX A6000,5,kMax,power,32,No,100000,243988,1,179.459,inf,175.104,inf,1393.389
agg_simple_fg_n2n_fwd_bench,0,NVIDIA RTX A6000,0,kMean,uniform,64,No,1000,10000,1,14.497,inf,8.192,inf,1220.703
agg_simple_fg_n2n_fwd_bench,0,NVIDIA RTX A6000,1,kMean,uniform,64,No,1000,20000,1,17.022,inf,12.256,inf,1631.854
agg_simple_fg_n2n_fwd_bench,0,NVIDIA RTX A6000,2,kMean,uniform,64,No,10000,200000,1,37.852,inf,32.768,inf,6103.516
agg_simple_fg_n2n_fwd_bench,0,NVIDIA RTX A6000,3,kMean,uniform,64,No,10000,400000,1,60.684,inf,55.296,inf,7233.796
agg_simple_fg_n2n_fwd_bench,0,NVIDIA RTX A6000,4,kMean,uniform,64,No,100000,4000000,1,1216.586,inf,1211.392,inf,3301.986
agg_simple_fg_n2n_fwd_bench,0,NVIDIA RTX A6000,5,kMean,uniform,64,No,100000,8000000,1,2358.923,inf,2353.248,inf,3399.557
agg_simple_fg_n2n_fwd_bench,0,NVIDIA RTX A6000,0,kMax,uniform,64,No,1000,10000,1,13.867,inf,9.216,inf,1085.069
agg_simple_fg_n2n_fwd_bench,0,NVIDIA RTX A6000,1,kMax,uniform,64,No,1000,20000,1,16.511,inf,10.304,inf,1940.994
agg_simple_fg_n2n_fwd_bench,0,NVIDIA RTX A6000,2,kMax,uniform,64,No,10000,200000,1,41.708,inf,36.864,inf,5425.347
agg_simple_fg_n2n_fwd_bench,0,NVIDIA RTX A6000,3,kMax,uniform,64,No,10000,400000,1,66.496,inf,61.440,inf,6510.417
agg_simple_fg_n2n_fwd_bench,0,NVIDIA RTX A6000,4,kMax,uniform,64,No,100000,4000000,1,1273.173,inf,1267.712,inf,3155.291
agg_simple_fg_n2n_fwd_bench,0,NVIDIA RTX A6000,5,kMax,uniform,64,No,100000,8000000,1,2430.837,inf,2423.808,inf,3300.591
agg_simple_fg_n2n_fwd_bench,0,NVIDIA RTX A6000,0,kMean,normal,64,No,1000,9646,1,17.022,inf,11.264,inf,856.357
agg_simple_fg_n2n_fwd_bench,0,NVIDIA RTX A6000,1,kMean,normal,64,No,1000,19754,1,22.874,inf,17.408,inf,1134.766
agg_simple_fg_n2n_fwd_bench,0,NVIDIA RTX A6000,2,kMean,normal,64,No,10000,197527,1,46.508,inf,40.960,inf,4822.437
agg_simple_fg_n2n_fwd_bench,0,NVIDIA RTX A6000,3,kMean,normal,64,No,10000,399665,1,78.888,inf,72.704,inf,5497.153
agg_simple_fg_n2n_fwd_bench,0,NVIDIA RTX A6000,4,kMean,normal,64,No,100000,3980302,1,1240.332,inf,1234.944,inf,3223.063
agg_simple_fg_n2n_fwd_bench,0,NVIDIA RTX A6000,5,kMean,normal,64,No,100000,8006558,1,2427.652,inf,2421.696,inf,3306.178
agg_simple_fg_n2n_fwd_bench,0,NVIDIA RTX A6000,0,kMax,normal,64,No,1000,9646,1,17.443,inf,11.264,inf,856.357
agg_simple_fg_n2n_fwd_bench,0,NVIDIA RTX A6000,1,kMax,normal,64,No,1000,19754,1,23.354,inf,17.408,inf,1134.766
agg_simple_fg_n2n_fwd_bench,0,NVIDIA RTX A6000,2,kMax,normal,64,No,10000,197527,1,52.389,inf,47.104,inf,4193.423
agg_simple_fg_n2n_fwd_bench,0,NVIDIA RTX A6000,3,kMax,normal,64,No,10000,399665,1,85.651,inf,79.872,inf,5003.819
agg_simple_fg_n2n_fwd_bench,0,NVIDIA RTX A6000,4,kMax,normal,64,No,100000,3980302,1,1297.379,inf,1291.264,inf,3082.485
agg_simple_fg_n2n_fwd_bench,0,NVIDIA RTX A6000,5,kMax,normal,64,No,100000,8006558,1,2524.785,inf,2520.064,inf,3177.125
agg_simple_fg_n2n_fwd_bench,0,NVIDIA RTX A6000,0,kMean,power,64,No,1000,2055,1,17.533,inf,12.288,inf,167.236
agg_simple_fg_n2n_fwd_bench,0,NVIDIA RTX A6000,1,kMean,power,64,No,1000,2182,1,21.901,inf,16.384,inf,133.179
agg_simple_fg_n2n_fwd_bench,0,NVIDIA RTX A6000,2,kMean,power,64,No,10000,22535,1,32.341,inf,25.600,inf,880.273
agg_simple_fg_n2n_fwd_bench,0,NVIDIA RTX A6000,3,kMean,power,64,No,10000,23634,1,44.444,inf,38.912,inf,607.371
agg_simple_fg_n2n_fwd_bench,0,NVIDIA RTX A6000,4,kMean,power,64,No,100000,236301,1,165.322,inf,159.744,inf,1479.248
agg_simple_fg_n2n_fwd_bench,0,NVIDIA RTX A6000,5,kMean,power,64,No,100000,243988,1,199.136,inf,193.536,inf,1260.685
agg_simple_fg_n2n_fwd_bench,0,NVIDIA RTX A6000,0,kMax,power,64,No,1000,2055,1,18.645,inf,13.312,inf,154.372
agg_simple_fg_n2n_fwd_bench,0,NVIDIA RTX A6000,1,kMax,power,64,No,1000,2182,1,22.853,inf,17.312,inf,126.040
agg_simple_fg_n2n_fwd_bench,0,NVIDIA RTX A6000,2,kMax,power,64,No,10000,22535,1,34.545,inf,28.672,inf,785.958
agg_simple_fg_n2n_fwd_bench,0,NVIDIA RTX A6000,3,kMax,power,64,No,10000,23634,1,47.941,inf,41.984,inf,562.929
agg_simple_fg_n2n_fwd_bench,0,NVIDIA RTX A6000,4,kMax,power,64,No,100000,236301,1,203.133,inf,197.632,inf,1195.662
agg_simple_fg_n2n_fwd_bench,0,NVIDIA RTX A6000,5,kMax,power,64,No,100000,243988,1,239.492,inf,233.472,inf,1045.042
agg_simple_fg_n2n_bwd_bench,0,NVIDIA RTX A6000,0,kMean,uniform,16,No,1000,10000,1,16.922,inf,10.240,inf,976.563
agg_simple_fg_n2n_bwd_bench,0,NVIDIA RTX A6000,1,kMean,uniform,16,No,1000,20000,1,15.840,inf,10.240,inf,1953.125
agg_simple_fg_n2n_bwd_bench,0,NVIDIA RTX A6000,2,kMean,uniform,16,No,10000,200000,1,34.054,inf,28.544,inf,7006.727
agg_simple_fg_n2n_bwd_bench,0,NVIDIA RTX A6000,3,kMean,uniform,16,No,10000,400000,1,50.045,inf,45.056,inf,8877.841
agg_simple_fg_n2n_bwd_bench,0,NVIDIA RTX A6000,4,kMean,uniform,16,No,100000,4000000,1,503.440,inf,498.688,inf,8021.047
agg_simple_fg_n2n_bwd_bench,0,NVIDIA RTX A6000,5,kMean,uniform,16,No,100000,8000000,1,972.676,inf,966.656,inf,8275.953
agg_simple_fg_n2n_bwd_bench,0,NVIDIA RTX A6000,0,kMax,uniform,16,No,1000,10000,1,13.535,inf,8.192,inf,1220.703
agg_simple_fg_n2n_bwd_bench,0,NVIDIA RTX A6000,1,kMax,uniform,16,No,1000,20000,1,13.575,inf,7.296,inf,2741.228
agg_simple_fg_n2n_bwd_bench,0,NVIDIA RTX A6000,2,kMax,uniform,16,No,10000,200000,1,15.850,inf,10.240,inf,19531.250
agg_simple_fg_n2n_bwd_bench,0,NVIDIA RTX A6000,3,kMax,uniform,16,No,10000,400000,1,17.153,inf,11.264,inf,35511.363
agg_simple_fg_n2n_bwd_bench,0,NVIDIA RTX A6000,4,kMax,uniform,16,No,100000,4000000,1,113.374,inf,107.520,inf,37202.381
agg_simple_fg_n2n_bwd_bench,0,NVIDIA RTX A6000,5,kMax,uniform,16,No,100000,8000000,1,99.668,inf,94.208,inf,84918.476
agg_simple_fg_n2n_bwd_bench,0,NVIDIA RTX A6000,0,kMean,normal,16,No,1000,9646,1,17.332,inf,12.288,inf,784.993
agg_simple_fg_n2n_bwd_bench,0,NVIDIA RTX A6000,1,kMean,normal,16,No,1000,19754,1,18.555,inf,13.312,inf,1483.924
agg_simple_fg_n2n_bwd_bench,0,NVIDIA RTX A6000,2,kMean,normal,16,No,10000,197527,1,39.384,inf,33.792,inf,5845.378
agg_simple_fg_n2n_bwd_bench,0,NVIDIA RTX A6000,3,kMean,normal,16,No,10000,399665,1,58.610,inf,53.248,inf,7505.728
agg_simple_fg_n2n_bwd_bench,0,NVIDIA RTX A6000,4,kMean,normal,16,No,100000,3980302,1,500.345,inf,494.592,inf,8047.647
agg_simple_fg_n2n_bwd_bench,0,NVIDIA RTX A6000,5,kMean,normal,16,No,100000,8006558,1,992.433,inf,987.136,inf,8110.897
agg_simple_fg_n2n_bwd_bench,0,NVIDIA RTX A6000,0,kMax,normal,16,No,1000,9646,1,11.752,inf,7.168,inf,1345.703
agg_simple_fg_n2n_bwd_bench,0,NVIDIA RTX A6000,1,kMax,normal,16,No,1000,19754,1,13.175,inf,8.192,inf,2411.377
agg_simple_fg_n2n_bwd_bench,0,NVIDIA RTX A6000,2,kMax,normal,16,No,10000,197527,1,15.109,inf,10.240,inf,19289.747
agg_simple_fg_n2n_bwd_bench,0,NVIDIA RTX A6000,3,kMax,normal,16,No,10000,399665,1,16.621,inf,11.264,inf,35481.623
agg_simple_fg_n2n_bwd_bench,0,NVIDIA RTX A6000,4,kMax,normal,16,No,100000,3980302,1,116.049,inf,111.616,inf,35660.676
agg_simple_fg_n2n_bwd_bench,0,NVIDIA RTX A6000,5,kMax,normal,16,No,100000,8006558,1,104.367,inf,99.328,inf,80607.264
agg_simple_fg_n2n_bwd_bench,0,NVIDIA RTX A6000,0,kMean,power,16,No,1000,2055,1,15.008,inf,10.240,inf,200.684
agg_simple_fg_n2n_bwd_bench,0,NVIDIA RTX A6000,1,kMean,power,16,No,1000,2182,1,16.862,inf,12.288,inf,177.572
agg_simple_fg_n2n_bwd_bench,0,NVIDIA RTX A6000,2,kMean,power,16,No,10000,22535,1,25.297,inf,20.480,inf,1100.342
agg_simple_fg_n2n_bwd_bench,0,NVIDIA RTX A6000,3,kMean,power,16,No,10000,23634,1,28.904,inf,23.552,inf,1003.482
agg_simple_fg_n2n_bwd_bench,0,NVIDIA RTX A6000,4,kMean,power,16,No,100000,236301,1,95.390,inf,90.112,inf,2622.303
agg_simple_fg_n2n_bwd_bench,0,NVIDIA RTX A6000,5,kMean,power,16,No,100000,243988,1,103.816,inf,98.304,inf,2481.974
agg_simple_fg_n2n_bwd_bench,0,NVIDIA RTX A6000,0,kMax,power,16,No,1000,2055,1,13.706,inf,8.192,inf,250.854
agg_simple_fg_n2n_bwd_bench,0,NVIDIA RTX A6000,1,kMax,power,16,No,1000,2182,1,11.952,inf,7.168,inf,304.408
agg_simple_fg_n2n_bwd_bench,0,NVIDIA RTX A6000,2,kMax,power,16,No,10000,22535,1,15.510,inf,9.216,inf,2445.204
agg_simple_fg_n2n_bwd_bench,0,NVIDIA RTX A6000,3,kMax,power,16,No,10000,23634,1,17.433,inf,11.264,inf,2098.189
agg_simple_fg_n2n_bwd_bench,0,NVIDIA RTX A6000,4,kMax,power,16,No,100000,236301,1,62.588,inf,57.344,inf,4120.762
agg_simple_fg_n2n_bwd_bench,0,NVIDIA RTX A6000,5,kMax,power,16,No,100000,243988,1,63.049,inf,57.344,inf,4254.813
agg_simple_fg_n2n_bwd_bench,0,NVIDIA RTX A6000,0,kMean,uniform,32,No,1000,10000,1,14.998,inf,9.216,inf,1085.069
agg_simple_fg_n2n_bwd_bench,0,NVIDIA RTX A6000,1,kMean,uniform,32,No,1000,20000,1,17.433,inf,12.192,inf,1640.420
agg_simple_fg_n2n_bwd_bench,0,NVIDIA RTX A6000,2,kMean,uniform,32,No,10000,200000,1,32.592,inf,27.648,inf,7233.796
agg_simple_fg_n2n_bwd_bench,0,NVIDIA RTX A6000,3,kMean,uniform,32,No,10000,400000,1,50.355,inf,45.056,inf,8877.841
agg_simple_fg_n2n_bwd_bench,0,NVIDIA RTX A6000,4,kMean,uniform,32,No,100000,4000000,1,1120.395,inf,1115.136,inf,3587.006
agg_simple_fg_n2n_bwd_bench,0,NVIDIA RTX A6000,5,kMean,uniform,32,No,100000,8000000,1,2189.964,inf,2184.192,inf,3662.682
agg_simple_fg_n2n_bwd_bench,0,NVIDIA RTX A6000,0,kMax,uniform,32,No,1000,10000,1,14.548,inf,9.216,inf,1085.069
agg_simple_fg_n2n_bwd_bench,0,NVIDIA RTX A6000,1,kMax,uniform,32,No,1000,20000,1,13.024,inf,7.168,inf,2790.179
agg_simple_fg_n2n_bwd_bench,0,NVIDIA RTX A6000,2,kMax,uniform,32,No,10000,200000,1,21.240,inf,16.384,inf,12207.031
agg_simple_fg_n2n_bwd_bench,0,NVIDIA RTX A6000,3,kMax,uniform,32,No,10000,400000,1,20.368,inf,15.360,inf,26041.667
agg_simple_fg_n2n_bwd_bench,0,NVIDIA RTX A6000,4,kMax,uniform,32,No,100000,4000000,1,350.361,inf,345.088,inf,11591.246
agg_simple_fg_n2n_bwd_bench,0,NVIDIA RTX A6000,5,kMax,uniform,32,No,100000,8000000,1,348.979,inf,344.064,inf,23251.488
agg_simple_fg_n2n_bwd_bench,0,NVIDIA RTX A6000,0,kMean,normal,32,No,1000,9646,1,15.389,inf,10.240,inf,941.992
agg_simple_fg_n2n_bwd_bench,0,NVIDIA RTX A6000,1,kMean,normal,32,No,1000,19754,1,20.659,inf,15.360,inf,1286.068
agg_simple_fg_n2n_bwd_bench,0,NVIDIA RTX A6000,2,kMean,normal,32,No,10000,197527,1,37.070,inf,31.744,inf,6222.499
agg_simple_fg_n2n_bwd_bench,0,NVIDIA RTX A6000,3,kMean,normal,32,No,10000,399665,1,60.293,inf,54.272,inf,7364.110
agg_simple_fg_n2n_bwd_bench,0,NVIDIA RTX A6000,4,kMean,normal,32,No,100000,3980302,1,1114.113,inf,1107.968,inf,3592.434
agg_simple_fg_n2n_bwd_bench,0,NVIDIA RTX A6000,5,kMean,normal,32,No,100000,8006558,1,2257.610,inf,2251.776,inf,3555.664
agg_simple_fg_n2n_bwd_bench,0,NVIDIA RTX A6000,0,kMax,normal,32,No,1000,9646,1,13.946,inf,9.216,inf,1046.658
agg_simple_fg_n2n_bwd_bench,0,NVIDIA RTX A6000,1,kMax,normal,32,No,1000,19754,1,12.323,inf,7.168,inf,2755.859
agg_simple_fg_n2n_bwd_bench,0,NVIDIA RTX A6000,2,kMax,normal,32,No,10000,197527,1,21.110,inf,15.360,inf,12859.831
agg_simple_fg_n2n_bwd_bench,0,NVIDIA RTX A6000,3,kMax,normal,32,No,10000,399665,1,19.336,inf,14.336,inf,27878.418
agg_simple_fg_n2n_bwd_bench,0,NVIDIA RTX A6000,4,kMax,normal,32,No,100000,3980302,1,330.884,inf,324.416,inf,12269.129
agg_simple_fg_n2n_bwd_bench,0,NVIDIA RTX A6000,5,kMax,normal,32,No,100000,8006558,1,331.586,inf,326.656,inf,24510.671
agg_simple_fg_n2n_bwd_bench,0,NVIDIA RTX A6000,0,kMean,power,32,No,1000,2055,1,15.609,inf,10.240,inf,200.684
agg_simple_fg_n2n_bwd_bench,0,NVIDIA RTX A6000,1,kMean,power,32,No,1000,2182,1,19.157,inf,13.312,inf,163.912
agg_simple_fg_n2n_bwd_bench,0,NVIDIA RTX A6000,2,kMean,power,32,No,10000,22535,1,24.085,inf,19.456,inf,1158.255
agg_simple_fg_n2n_bwd_bench,0,NVIDIA RTX A6000,3,kMean,power,32,No,10000,23634,1,31.089,inf,25.600,inf,923.203
agg_simple_fg_n2n_bwd_bench,0,NVIDIA RTX A6000,4,kMean,power,32,No,100000,236301,1,124.766,inf,118.784,inf,1989.334
agg_simple_fg_n2n_bwd_bench,0,NVIDIA RTX A6000,5,kMean,power,32,No,100000,243988,1,134.394,inf,128.000,inf,1906.156
agg_simple_fg_n2n_bwd_bench,0,NVIDIA RTX A6000,0,kMax,power,32,No,1000,2055,1,12.734,inf,7.168,inf,286.691
agg_simple_fg_n2n_bwd_bench,0,NVIDIA RTX A6000,1,kMax,power,32,No,1000,2182,1,12.503,inf,7.168,inf,304.408
agg_simple_fg_n2n_bwd_bench,0,NVIDIA RTX A6000,2,kMax,power,32,No,10000,22535,1,19.267,inf,13.312,inf,1692.834
agg_simple_fg_n2n_bwd_bench,0,NVIDIA RTX A6000,3,kMax,power,32,No,10000,23634,1,16.752,inf,11.264,inf,2098.189
agg_simple_fg_n2n_bwd_bench,0,NVIDIA RTX A6000,4,kMax,power,32,No,100000,236301,1,123.153,inf,117.760,inf,2006.632
agg_simple_fg_n2n_bwd_bench,0,NVIDIA RTX A6000,5,kMax,power,32,No,100000,243988,1,120.998,inf,114.688,inf,2127.406
agg_simple_fg_n2n_bwd_bench,0,NVIDIA RTX A6000,0,kMean,uniform,64,No,1000,10000,1,17.564,inf,12.288,inf,813.802
agg_simple_fg_n2n_bwd_bench,0,NVIDIA RTX A6000,1,kMean,uniform,64,No,1000,20000,1,17.142,inf,12.288,inf,1627.604
agg_simple_fg_n2n_bwd_bench,0,NVIDIA RTX A6000,2,kMean,uniform,64,No,10000,200000,1,44.705,inf,39.936,inf,5008.013
agg_simple_fg_n2n_bwd_bench,0,NVIDIA RTX A6000,3,kMean,uniform,64,No,10000,400000,1,75.803,inf,69.632,inf,5744.485
agg_simple_fg_n2n_bwd_bench,0,NVIDIA RTX A6000,4,kMean,uniform,64,No,100000,4000000,1,2605.457,inf,2599.936,inf,1538.499
agg_simple_fg_n2n_bwd_bench,0,NVIDIA RTX A6000,5,kMean,uniform,64,No,100000,8000000,1,5175.158,inf,5169.152,inf,1547.643
agg_simple_fg_n2n_bwd_bench,0,NVIDIA RTX A6000,0,kMax,uniform,64,No,1000,10000,1,13.596,inf,8.192,inf,1220.703
agg_simple_fg_n2n_bwd_bench,0,NVIDIA RTX A6000,1,kMax,uniform,64,No,1000,20000,1,14.888,inf,9.216,inf,2170.139
agg_simple_fg_n2n_bwd_bench,0,NVIDIA RTX A6000,2,kMax,uniform,64,No,10000,200000,1,31.069,inf,25.600,inf,7812.500
agg_simple_fg_n2n_bwd_bench,0,NVIDIA RTX A6000,3,kMax,uniform,64,No,10000,400000,1,32.081,inf,26.624,inf,15024.039
agg_simple_fg_n2n_bwd_bench,0,NVIDIA RTX A6000,4,kMax,uniform,64,No,100000,4000000,1,999.677,inf,994.176,inf,4023.433
agg_simple_fg_n2n_bwd_bench,0,NVIDIA RTX A6000,5,kMax,uniform,64,No,100000,8000000,1,1053.097,inf,1045.504,inf,7651.812
agg_simple_fg_n2n_bwd_bench,0,NVIDIA RTX A6000,0,kMean,normal,64,No,1000,9646,1,19.477,inf,13.312,inf,724.609
agg_simple_fg_n2n_bwd_bench,0,NVIDIA RTX A6000,1,kMean,normal,64,No,1000,19754,1,21.090,inf,16.384,inf,1205.688
agg_simple_fg_n2n_bwd_bench,0,NVIDIA RTX A6000,2,kMean,normal,64,No,10000,197527,1,53.250,inf,48.128,inf,4104.201
agg_simple_fg_n2n_bwd_bench,0,NVIDIA RTX A6000,3,kMean,normal,64,No,10000,399665,1,82.546,inf,77.824,inf,5135.498
agg_simple_fg_n2n_bwd_bench,0,NVIDIA RTX A6000,4,kMean,normal,64,No,100000,3980302,1,2598.945,inf,2592.768,inf,1535.156
agg_simple_fg_n2n_bwd_bench,0,NVIDIA RTX A6000,5,kMean,normal,64,No,100000,8006558,1,5142.115,inf,5134.336,inf,1559.415
agg_simple_fg_n2n_bwd_bench,0,NVIDIA RTX A6000,0,kMax,normal,64,No,1000,9646,1,13.806,inf,8.192,inf,1177.490
agg_simple_fg_n2n_bwd_bench,0,NVIDIA RTX A6000,1,kMax,normal,64,No,1000,19754,1,14.868,inf,10.176,inf,1941.234
agg_simple_fg_n2n_bwd_bench,0,NVIDIA RTX A6000,2,kMax,normal,64,No,10000,197527,1,28.875,inf,23.552,inf,8386.846
agg_simple_fg_n2n_bwd_bench,0,NVIDIA RTX A6000,3,kMax,normal,64,No,10000,399665,1,32.852,inf,27.648,inf,14455.476
agg_simple_fg_n2n_bwd_bench,0,NVIDIA RTX A6000,4,kMax,normal,64,No,100000,3980302,1,923.824,inf,917.504,inf,4338.185
agg_simple_fg_n2n_bwd_bench,0,NVIDIA RTX A6000,5,kMax,normal,64,No,100000,8006558,1,997.152,inf,992.256,inf,8069.045
agg_simple_fg_n2n_bwd_bench,0,NVIDIA RTX A6000,0,kMean,power,64,No,1000,2055,1,19.366,inf,13.312,inf,154.372
agg_simple_fg_n2n_bwd_bench,0,NVIDIA RTX A6000,1,kMean,power,64,No,1000,2182,1,19.026,inf,14.336,inf,152.204
agg_simple_fg_n2n_bwd_bench,0,NVIDIA RTX A6000,2,kMean,power,64,No,10000,22535,1,32.652,inf,26.656,inf,845.401
agg_simple_fg_n2n_bwd_bench,0,NVIDIA RTX A6000,3,kMean,power,64,No,10000,23634,1,36.589,inf,31.744,inf,744.519
agg_simple_fg_n2n_bwd_bench,0,NVIDIA RTX A6000,4,kMean,power,64,No,100000,236301,1,254.691,inf,249.856,inf,945.749
agg_simple_fg_n2n_bwd_bench,0,NVIDIA RTX A6000,5,kMean,power,64,No,100000,243988,1,264.870,inf,259.072,inf,941.777
agg_simple_fg_n2n_bwd_bench,0,NVIDIA RTX A6000,0,kMax,power,64,No,1000,2055,1,13.706,inf,8.192,inf,250.854
agg_simple_fg_n2n_bwd_bench,0,NVIDIA RTX A6000,1,kMax,power,64,No,1000,2182,1,15.439,inf,10.208,inf,213.754
agg_simple_fg_n2n_bwd_bench,0,NVIDIA RTX A6000,2,kMax,power,64,No,10000,22535,1,24.185,inf,19.456,inf,1158.255
agg_simple_fg_n2n_bwd_bench,0,NVIDIA RTX A6000,3,kMax,power,64,No,10000,23634,1,26.680,inf,21.376,inf,1105.632
agg_simple_fg_n2n_bwd_bench,0,NVIDIA RTX A6000,4,kMax,power,64,No,100000,236301,1,247.407,inf,241.664,inf,977.808
agg_simple_fg_n2n_bwd_bench,0,NVIDIA RTX A6000,5,kMax,power,64,No,100000,243988,1,281.472,inf,276.480,inf,882.480
