Benchmark,Device,Device Name,params_id,dist,Dim,Skipped,n_in_nodes,n_out_nodes,sample_size,n_edge_types,n_bases,n_edges,Samples,CPU Time (us),Noise,GPU Time (us),Noise.1,Elem/s (elem/us)
agg_hg_basis_mfg_n2n_pre_fwd_bench,0,NVIDIA RTX A6000,0,uniform,32,No,2000,100,8,50,10,800,1,33.654,inf,24.576,inf,32.552
agg_hg_basis_mfg_n2n_pre_fwd_bench,0,NVIDIA RTX A6000,1,uniform,32,No,2000,200,8,50,10,1600,1,28.854,inf,23.552,inf,67.935
agg_hg_basis_mfg_n2n_pre_fwd_bench,0,NVIDIA RTX A6000,2,uniform,32,No,2000,400,8,50,10,3200,1,28.144,inf,22.528,inf,142.045
agg_hg_basis_mfg_n2n_pre_fwd_bench,0,NVIDIA RTX A6000,3,uniform,32,No,4000,200,16,50,20,3200,1,66.635,inf,61.440,inf,52.083
agg_hg_basis_mfg_n2n_pre_fwd_bench,0,NVIDIA RTX A6000,4,uniform,32,No,4000,400,16,50,20,6400,1,64.401,inf,58.368,inf,109.649
agg_hg_basis_mfg_n2n_pre_fwd_bench,0,NVIDIA RTX A6000,5,uniform,32,No,4000,800,16,50,20,12800,1,96.833,inf,91.136,inf,140.449
agg_hg_basis_mfg_n2n_pre_fwd_bench,0,NVIDIA RTX A6000,6,uniform,32,No,10000,500,31,100,10,15500,1,74.119,inf,67.584,inf,229.344
agg_hg_basis_mfg_n2n_pre_fwd_bench,0,NVIDIA RTX A6000,7,uniform,32,No,10000,500,32,100,10,16000,1,74.631,inf,68.608,inf,233.209
agg_hg_basis_mfg_n2n_pre_fwd_bench,0,NVIDIA RTX A6000,8,uniform,32,No,10000,500,33,100,10,16500,1,77.737,inf,71.680,inf,230.190
agg_hg_basis_mfg_n2n_pre_fwd_bench,0,NVIDIA RTX A6000,9,uniform,32,No,10000,1000,31,100,20,31000,1,215.236,inf,208.896,inf,148.399
agg_hg_basis_mfg_n2n_pre_fwd_bench,0,NVIDIA RTX A6000,10,uniform,32,No,10000,1000,32,100,20,32000,1,220.326,inf,215.040,inf,148.810
agg_hg_basis_mfg_n2n_pre_fwd_bench,0,NVIDIA RTX A6000,11,uniform,32,No,10000,1000,33,100,20,33000,1,224.764,inf,219.136,inf,150.591
agg_hg_basis_mfg_n2n_pre_fwd_bench,0,NVIDIA RTX A6000,12,uniform,32,No,100000,5000,50,100,40,250000,1,4002.084,inf,3996.672,inf,62.552
agg_hg_basis_mfg_n2n_pre_fwd_bench,0,NVIDIA RTX A6000,13,uniform,32,No,100000,10000,50,100,40,500000,1,7861.488,inf,7856.128,inf,63.645
agg_hg_basis_mfg_n2n_pre_fwd_bench,0,NVIDIA RTX A6000,14,uniform,32,No,100000,20000,50,100,40,1000000,1,15606.848,inf,15599.616,inf,64.104
agg_hg_basis_mfg_n2n_pre_fwd_bench,0,NVIDIA RTX A6000,0,normal,32,No,2000,100,8,50,10,345,1,27.832,inf,21.504,inf,16.044
agg_hg_basis_mfg_n2n_pre_fwd_bench,0,NVIDIA RTX A6000,1,normal,32,No,2000,200,8,50,10,679,1,26.480,inf,21.504,inf,31.576
agg_hg_basis_mfg_n2n_pre_fwd_bench,0,NVIDIA RTX A6000,2,normal,32,No,2000,400,8,50,10,1415,1,27.462,inf,23.552,inf,60.080
agg_hg_basis_mfg_n2n_pre_fwd_bench,0,NVIDIA RTX A6000,3,normal,32,No,4000,200,16,50,20,1436,1,63.410,inf,58.368,inf,24.603
agg_hg_basis_mfg_n2n_pre_fwd_bench,0,NVIDIA RTX A6000,4,normal,32,No,4000,400,16,50,20,2988,1,63.470,inf,57.472,inf,51.991
agg_hg_basis_mfg_n2n_pre_fwd_bench,0,NVIDIA RTX A6000,5,normal,32,No,4000,800,16,50,20,6101,1,62.898,inf,56.320,inf,108.327
agg_hg_basis_mfg_n2n_pre_fwd_bench,0,NVIDIA RTX A6000,6,normal,32,No,10000,500,31,100,10,7560,1,73.438,inf,66.560,inf,113.582
agg_hg_basis_mfg_n2n_pre_fwd_bench,0,NVIDIA RTX A6000,7,normal,32,No,10000,500,32,100,10,7802,1,72.748,inf,66.560,inf,117.218
agg_hg_basis_mfg_n2n_pre_fwd_bench,0,NVIDIA RTX A6000,8,normal,32,No,10000,500,33,100,10,8061,1,73.709,inf,68.608,inf,117.494
agg_hg_basis_mfg_n2n_pre_fwd_bench,0,NVIDIA RTX A6000,9,normal,32,No,10000,1000,31,100,20,15135,1,167.807,inf,162.816,inf,92.958
agg_hg_basis_mfg_n2n_pre_fwd_bench,0,NVIDIA RTX A6000,10,normal,32,No,10000,1000,32,100,20,15641,1,172.095,inf,166.912,inf,93.708
agg_hg_basis_mfg_n2n_pre_fwd_bench,0,NVIDIA RTX A6000,11,normal,32,No,10000,1000,33,100,20,16128,1,175.771,inf,171.008,inf,94.311
agg_hg_basis_mfg_n2n_pre_fwd_bench,0,NVIDIA RTX A6000,12,normal,32,No,100000,5000,50,100,40,123940,1,2154.356,inf,2148.352,inf,57.691
agg_hg_basis_mfg_n2n_pre_fwd_bench,0,NVIDIA RTX A6000,13,normal,32,No,100000,10000,50,100,40,247126,1,4090.330,inf,4085.760,inf,60.485
agg_hg_basis_mfg_n2n_pre_fwd_bench,0,NVIDIA RTX A6000,14,normal,32,No,100000,20000,50,100,40,493382,1,7932.892,inf,7927.808,inf,62.234
agg_hg_basis_mfg_n2n_pre_fwd_bench,0,NVIDIA RTX A6000,0,power,32,No,2000,100,8,50,10,183,1,28.644,inf,22.528,inf,8.123
agg_hg_basis_mfg_n2n_pre_fwd_bench,0,NVIDIA RTX A6000,1,power,32,No,2000,200,8,50,10,373,1,29.356,inf,23.552,inf,15.837
agg_hg_basis_mfg_n2n_pre_fwd_bench,0,NVIDIA RTX A6000,2,power,32,No,2000,400,8,50,10,740,1,28.473,inf,22.528,inf,32.848
agg_hg_basis_mfg_n2n_pre_fwd_bench,0,NVIDIA RTX A6000,3,power,32,No,4000,200,16,50,20,409,1,62.168,inf,56.320,inf,7.262
agg_hg_basis_mfg_n2n_pre_fwd_bench,0,NVIDIA RTX A6000,4,power,32,No,4000,400,16,50,20,811,1,61.456,inf,56.320,inf,14.400
agg_hg_basis_mfg_n2n_pre_fwd_bench,0,NVIDIA RTX A6000,5,power,32,No,4000,800,16,50,20,1621,1,66.776,inf,60.416,inf,26.831
agg_hg_basis_mfg_n2n_pre_fwd_bench,0,NVIDIA RTX A6000,6,power,32,No,10000,500,31,100,10,1086,1,73.238,inf,67.520,inf,16.084
agg_hg_basis_mfg_n2n_pre_fwd_bench,0,NVIDIA RTX A6000,7,power,32,No,10000,500,32,100,10,1089,1,74.160,inf,68.608,inf,15.873
agg_hg_basis_mfg_n2n_pre_fwd_bench,0,NVIDIA RTX A6000,8,power,32,No,10000,500,33,100,10,1092,1,76.685,inf,71.616,inf,15.248
agg_hg_basis_mfg_n2n_pre_fwd_bench,0,NVIDIA RTX A6000,9,power,32,No,10000,1000,31,100,20,2182,1,117.231,inf,110.592,inf,19.730
agg_hg_basis_mfg_n2n_pre_fwd_bench,0,NVIDIA RTX A6000,10,power,32,No,10000,1000,32,100,20,2187,1,115.238,inf,109.568,inf,19.960
agg_hg_basis_mfg_n2n_pre_fwd_bench,0,NVIDIA RTX A6000,11,power,32,No,10000,1000,33,100,20,2192,1,116.230,inf,110.592,inf,19.821
agg_hg_basis_mfg_n2n_pre_fwd_bench,0,NVIDIA RTX A6000,12,power,32,No,100000,5000,50,100,40,11717,1,509.903,inf,504.832,inf,23.210
agg_hg_basis_mfg_n2n_pre_fwd_bench,0,NVIDIA RTX A6000,13,power,32,No,100000,10000,50,100,40,23253,1,705.962,inf,700.416,inf,33.199
agg_hg_basis_mfg_n2n_pre_fwd_bench,0,NVIDIA RTX A6000,14,power,32,No,100000,20000,50,100,40,46322,1,1147.967,inf,1140.736,inf,40.607
agg_hg_basis_mfg_n2n_pre_fwd_bench,0,NVIDIA RTX A6000,0,uniform,64,No,2000,100,8,50,10,800,1,30.437,inf,23.552,inf,33.967
agg_hg_basis_mfg_n2n_pre_fwd_bench,0,NVIDIA RTX A6000,1,uniform,64,No,2000,200,8,50,10,1600,1,29.095,inf,23.552,inf,67.935
agg_hg_basis_mfg_n2n_pre_fwd_bench,0,NVIDIA RTX A6000,2,uniform,64,No,2000,400,8,50,10,3200,1,29.386,inf,23.552,inf,135.870
agg_hg_basis_mfg_n2n_pre_fwd_bench,0,NVIDIA RTX A6000,3,uniform,64,No,4000,200,16,50,20,3200,1,70.594,inf,64.512,inf,49.603
agg_hg_basis_mfg_n2n_pre_fwd_bench,0,NVIDIA RTX A6000,4,uniform,64,No,4000,400,16,50,20,6400,1,70.984,inf,65.536,inf,97.656
agg_hg_basis_mfg_n2n_pre_fwd_bench,0,NVIDIA RTX A6000,5,uniform,64,No,4000,800,16,50,20,12800,1,119.235,inf,113.664,inf,112.613
agg_hg_basis_mfg_n2n_pre_fwd_bench,0,NVIDIA RTX A6000,6,uniform,64,No,10000,500,31,100,10,15500,1,86.313,inf,79.872,inf,194.061
agg_hg_basis_mfg_n2n_pre_fwd_bench,0,NVIDIA RTX A6000,7,uniform,64,No,10000,500,32,100,10,16000,1,85.651,inf,80.800,inf,198.020
agg_hg_basis_mfg_n2n_pre_fwd_bench,0,NVIDIA RTX A6000,8,uniform,64,No,10000,500,33,100,10,16500,1,87.676,inf,81.920,inf,201.416
agg_hg_basis_mfg_n2n_pre_fwd_bench,0,NVIDIA RTX A6000,9,uniform,64,No,10000,1000,31,100,20,31000,1,253.669,inf,247.808,inf,125.097
agg_hg_basis_mfg_n2n_pre_fwd_bench,0,NVIDIA RTX A6000,10,uniform,64,No,10000,1000,32,100,20,32000,1,267.044,inf,262.144,inf,122.070
agg_hg_basis_mfg_n2n_pre_fwd_bench,0,NVIDIA RTX A6000,11,uniform,64,No,10000,1000,33,100,20,33000,1,268.456,inf,262.144,inf,125.885
agg_hg_basis_mfg_n2n_pre_fwd_bench,0,NVIDIA RTX A6000,12,uniform,64,No,100000,5000,50,100,40,250000,1,4415.875,inf,4410.368,inf,56.685
agg_hg_basis_mfg_n2n_pre_fwd_bench,0,NVIDIA RTX A6000,13,uniform,64,No,100000,10000,50,100,40,500000,1,9390.033,inf,9382.912,inf,53.288
agg_hg_basis_mfg_n2n_pre_fwd_bench,0,NVIDIA RTX A6000,14,uniform,64,No,100000,20000,50,100,40,1000000,1,17785.209,inf,17778.688,inf,56.247
agg_hg_basis_mfg_n2n_pre_fwd_bench,0,NVIDIA RTX A6000,0,normal,64,No,2000,100,8,50,10,345,1,28.724,inf,23.552,inf,14.648
agg_hg_basis_mfg_n2n_pre_fwd_bench,0,NVIDIA RTX A6000,1,normal,64,No,2000,200,8,50,10,679,1,27.182,inf,22.528,inf,30.140
agg_hg_basis_mfg_n2n_pre_fwd_bench,0,NVIDIA RTX A6000,2,normal,64,No,2000,400,8,50,10,1415,1,28.143,inf,22.528,inf,62.811
agg_hg_basis_mfg_n2n_pre_fwd_bench,0,NVIDIA RTX A6000,3,normal,64,No,4000,200,16,50,20,1436,1,67.648,inf,61.440,inf,23.372
agg_hg_basis_mfg_n2n_pre_fwd_bench,0,NVIDIA RTX A6000,4,normal,64,No,4000,400,16,50,20,2988,1,68.359,inf,62.528,inf,47.787
agg_hg_basis_mfg_n2n_pre_fwd_bench,0,NVIDIA RTX A6000,5,normal,64,No,4000,800,16,50,20,6101,1,76.364,inf,69.632,inf,87.618
agg_hg_basis_mfg_n2n_pre_fwd_bench,0,NVIDIA RTX A6000,6,normal,64,No,10000,500,31,100,10,7560,1,78.067,inf,71.776,inf,105.328
agg_hg_basis_mfg_n2n_pre_fwd_bench,0,NVIDIA RTX A6000,7,normal,64,No,10000,500,32,100,10,7802,1,81.203,inf,74.784,inf,104.327
agg_hg_basis_mfg_n2n_pre_fwd_bench,0,NVIDIA RTX A6000,8,normal,64,No,10000,500,33,100,10,8061,1,80.953,inf,76.800,inf,104.961
agg_hg_basis_mfg_n2n_pre_fwd_bench,0,NVIDIA RTX A6000,9,normal,64,No,10000,1000,31,100,20,15135,1,187.564,inf,182.272,inf,83.035
agg_hg_basis_mfg_n2n_pre_fwd_bench,0,NVIDIA RTX A6000,10,normal,64,No,10000,1000,32,100,20,15641,1,193.986,inf,188.416,inf,83.013
agg_hg_basis_mfg_n2n_pre_fwd_bench,0,NVIDIA RTX A6000,11,normal,64,No,10000,1000,33,100,20,16128,1,200.589,inf,196.608,inf,82.031
agg_hg_basis_mfg_n2n_pre_fwd_bench,0,NVIDIA RTX A6000,12,normal,64,No,100000,5000,50,100,40,123940,1,2369.622,inf,2364.416,inf,52.419
agg_hg_basis_mfg_n2n_pre_fwd_bench,0,NVIDIA RTX A6000,13,normal,64,No,100000,10000,50,100,40,247126,1,4860.665,inf,4854.784,inf,50.904
agg_hg_basis_mfg_n2n_pre_fwd_bench,0,NVIDIA RTX A6000,14,normal,64,No,100000,20000,50,100,40,493382,1,9826.958,inf,9819.136,inf,50.247
agg_hg_basis_mfg_n2n_pre_fwd_bench,0,NVIDIA RTX A6000,0,power,64,No,2000,100,8,50,10,183,1,29.857,inf,23.552,inf,7.770
agg_hg_basis_mfg_n2n_pre_fwd_bench,0,NVIDIA RTX A6000,1,power,64,No,2000,200,8,50,10,373,1,29.797,inf,23.552,inf,15.837
agg_hg_basis_mfg_n2n_pre_fwd_bench,0,NVIDIA RTX A6000,2,power,64,No,2000,400,8,50,10,740,1,28.163,inf,23.552,inf,31.420
agg_hg_basis_mfg_n2n_pre_fwd_bench,0,NVIDIA RTX A6000,3,power,64,No,4000,200,16,50,20,409,1,62.097,inf,57.344,inf,7.132
agg_hg_basis_mfg_n2n_pre_fwd_bench,0,NVIDIA RTX A6000,4,power,64,No,4000,400,16,50,20,811,1,63.871,inf,58.368,inf,13.895
agg_hg_basis_mfg_n2n_pre_fwd_bench,0,NVIDIA RTX A6000,5,power,64,No,4000,800,16,50,20,1621,1,68.690,inf,63.488,inf,25.532
agg_hg_basis_mfg_n2n_pre_fwd_bench,0,NVIDIA RTX A6000,6,power,64,No,10000,500,31,100,10,1086,1,73.279,inf,67.584,inf,16.069
agg_hg_basis_mfg_n2n_pre_fwd_bench,0,NVIDIA RTX A6000,7,power,64,No,10000,500,32,100,10,1089,1,75.643,inf,70.656,inf,15.413
agg_hg_basis_mfg_n2n_pre_fwd_bench,0,NVIDIA RTX A6000,8,power,64,No,10000,500,33,100,10,1092,1,76.584,inf,70.656,inf,15.455
agg_hg_basis_mfg_n2n_pre_fwd_bench,0,NVIDIA RTX A6000,9,power,64,No,10000,1000,31,100,20,2182,1,117.872,inf,112.640,inf,19.371
agg_hg_basis_mfg_n2n_pre_fwd_bench,0,NVIDIA RTX A6000,10,power,64,No,10000,1000,32,100,20,2187,1,118.634,inf,112.640,inf,19.416
agg_hg_basis_mfg_n2n_pre_fwd_bench,0,NVIDIA RTX A6000,11,power,64,No,10000,1000,33,100,20,2192,1,121.860,inf,115.712,inf,18.944
agg_hg_basis_mfg_n2n_pre_fwd_bench,0,NVIDIA RTX A6000,12,power,64,No,100000,5000,50,100,40,11717,1,542.674,inf,536.576,inf,21.837
agg_hg_basis_mfg_n2n_pre_fwd_bench,0,NVIDIA RTX A6000,13,power,64,No,100000,10000,50,100,40,23253,1,782.146,inf,774.144,inf,30.037
agg_hg_basis_mfg_n2n_pre_fwd_bench,0,NVIDIA RTX A6000,14,power,64,No,100000,20000,50,100,40,46322,1,1293.712,inf,1288.192,inf,35.959
agg_hg_basis_mfg_n2n_pre_fwd_bench,0,NVIDIA RTX A6000,0,uniform,128,No,2000,100,8,50,10,800,1,31.550,inf,25.600,inf,31.250
agg_hg_basis_mfg_n2n_pre_fwd_bench,0,NVIDIA RTX A6000,1,uniform,128,No,2000,200,8,50,10,1600,1,33.062,inf,26.624,inf,60.096
agg_hg_basis_mfg_n2n_pre_fwd_bench,0,NVIDIA RTX A6000,2,uniform,128,No,2000,400,8,50,10,3200,1,36.479,inf,31.744,inf,100.806
agg_hg_basis_mfg_n2n_pre_fwd_bench,0,NVIDIA RTX A6000,3,uniform,128,No,4000,200,16,50,20,3200,1,76.114,inf,70.656,inf,45.290
agg_hg_basis_mfg_n2n_pre_fwd_bench,0,NVIDIA RTX A6000,4,uniform,128,No,4000,400,16,50,20,6400,1,102.854,inf,98.304,inf,65.104
agg_hg_basis_mfg_n2n_pre_fwd_bench,0,NVIDIA RTX A6000,5,uniform,128,No,4000,800,16,50,20,12800,1,185.761,inf,181.248,inf,70.621
agg_hg_basis_mfg_n2n_pre_fwd_bench,0,NVIDIA RTX A6000,6,uniform,128,No,10000,500,31,100,10,15500,1,126.319,inf,119.808,inf,129.374
agg_hg_basis_mfg_n2n_pre_fwd_bench,0,NVIDIA RTX A6000,7,uniform,128,No,10000,500,32,100,10,16000,1,127.571,inf,122.880,inf,130.208
agg_hg_basis_mfg_n2n_pre_fwd_bench,0,NVIDIA RTX A6000,8,uniform,128,No,10000,500,33,100,10,16500,1,131.738,inf,125.952,inf,131.002
agg_hg_basis_mfg_n2n_pre_fwd_bench,0,NVIDIA RTX A6000,9,uniform,128,No,10000,1000,31,100,20,31000,1,450.450,inf,445.440,inf,69.594
agg_hg_basis_mfg_n2n_pre_fwd_bench,0,NVIDIA RTX A6000,10,uniform,128,No,10000,1000,32,100,20,32000,1,463.184,inf,457.728,inf,69.911
agg_hg_basis_mfg_n2n_pre_fwd_bench,0,NVIDIA RTX A6000,11,uniform,128,No,10000,1000,33,100,20,33000,1,478.453,inf,472.928,inf,69.778
agg_hg_basis_mfg_n2n_pre_fwd_bench,0,NVIDIA RTX A6000,12,uniform,128,No,100000,5000,50,100,40,250000,1,7341.407,inf,7335.936,inf,34.079
agg_hg_basis_mfg_n2n_pre_fwd_bench,0,NVIDIA RTX A6000,13,uniform,128,No,100000,10000,50,100,40,500000,1,15946.168,inf,15939.584,inf,31.368
agg_hg_basis_mfg_n2n_pre_fwd_bench,0,NVIDIA RTX A6000,14,uniform,128,No,100000,20000,50,100,40,1000000,1,31827.163,inf,31819.777,inf,31.427
agg_hg_basis_mfg_n2n_pre_fwd_bench,0,NVIDIA RTX A6000,0,normal,128,No,2000,100,8,50,10,345,1,28.454,inf,21.504,inf,16.044
agg_hg_basis_mfg_n2n_pre_fwd_bench,0,NVIDIA RTX A6000,1,normal,128,No,2000,200,8,50,10,679,1,28.805,inf,22.528,inf,30.140
agg_hg_basis_mfg_n2n_pre_fwd_bench,0,NVIDIA RTX A6000,2,normal,128,No,2000,400,8,50,10,1415,1,33.643,inf,27.648,inf,51.179
agg_hg_basis_mfg_n2n_pre_fwd_bench,0,NVIDIA RTX A6000,3,normal,128,No,4000,200,16,50,20,1436,1,71.816,inf,65.536,inf,21.912
agg_hg_basis_mfg_n2n_pre_fwd_bench,0,NVIDIA RTX A6000,4,normal,128,No,4000,400,16,50,20,2988,1,79.600,inf,73.728,inf,40.527
agg_hg_basis_mfg_n2n_pre_fwd_bench,0,NVIDIA RTX A6000,5,normal,128,No,4000,800,16,50,20,6101,1,111.691,inf,105.472,inf,57.845
agg_hg_basis_mfg_n2n_pre_fwd_bench,0,NVIDIA RTX A6000,6,normal,128,No,10000,500,31,100,10,7560,1,92.414,inf,87.040,inf,86.857
agg_hg_basis_mfg_n2n_pre_fwd_bench,0,NVIDIA RTX A6000,7,normal,128,No,10000,500,32,100,10,7802,1,96.392,inf,91.136,inf,85.608
agg_hg_basis_mfg_n2n_pre_fwd_bench,0,NVIDIA RTX A6000,8,normal,128,No,10000,500,33,100,10,8061,1,99.348,inf,94.208,inf,85.566
agg_hg_basis_mfg_n2n_pre_fwd_bench,0,NVIDIA RTX A6000,9,normal,128,No,10000,1000,31,100,20,15135,1,279.457,inf,273.408,inf,55.357
agg_hg_basis_mfg_n2n_pre_fwd_bench,0,NVIDIA RTX A6000,10,normal,128,No,10000,1000,32,100,20,15641,1,288.434,inf,282.624,inf,55.342
agg_hg_basis_mfg_n2n_pre_fwd_bench,0,NVIDIA RTX A6000,11,normal,128,No,10000,1000,33,100,20,16128,1,296.059,inf,289.824,inf,55.648
agg_hg_basis_mfg_n2n_pre_fwd_bench,0,NVIDIA RTX A6000,12,normal,128,No,100000,5000,50,100,40,123940,1,3804.581,inf,3799.040,inf,32.624
agg_hg_basis_mfg_n2n_pre_fwd_bench,0,NVIDIA RTX A6000,13,normal,128,No,100000,10000,50,100,40,247126,1,8045.795,inf,8039.424,inf,30.739
agg_hg_basis_mfg_n2n_pre_fwd_bench,0,NVIDIA RTX A6000,14,normal,128,No,100000,20000,50,100,40,493382,1,15849.865,inf,15844.352,inf,31.139
agg_hg_basis_mfg_n2n_pre_fwd_bench,0,NVIDIA RTX A6000,0,power,128,No,2000,100,8,50,10,183,1,30.237,inf,24.480,inf,7.475
agg_hg_basis_mfg_n2n_pre_fwd_bench,0,NVIDIA RTX A6000,1,power,128,No,2000,200,8,50,10,373,1,29.516,inf,23.552,inf,15.837
agg_hg_basis_mfg_n2n_pre_fwd_bench,0,NVIDIA RTX A6000,2,power,128,No,2000,400,8,50,10,740,1,32.912,inf,26.624,inf,27.794
agg_hg_basis_mfg_n2n_pre_fwd_bench,0,NVIDIA RTX A6000,3,power,128,No,4000,200,16,50,20,409,1,66.535,inf,61.440,inf,6.657
agg_hg_basis_mfg_n2n_pre_fwd_bench,0,NVIDIA RTX A6000,4,power,128,No,4000,400,16,50,20,811,1,72.597,inf,66.560,inf,12.184
agg_hg_basis_mfg_n2n_pre_fwd_bench,0,NVIDIA RTX A6000,5,power,128,No,4000,800,16,50,20,1621,1,76.775,inf,72.704,inf,22.296
agg_hg_basis_mfg_n2n_pre_fwd_bench,0,NVIDIA RTX A6000,6,power,128,No,10000,500,31,100,10,1086,1,79.460,inf,74.752,inf,14.528
agg_hg_basis_mfg_n2n_pre_fwd_bench,0,NVIDIA RTX A6000,7,power,128,No,10000,500,32,100,10,1089,1,83.067,inf,77.824,inf,13.993
agg_hg_basis_mfg_n2n_pre_fwd_bench,0,NVIDIA RTX A6000,8,power,128,No,10000,500,33,100,10,1092,1,83.548,inf,77.824,inf,14.032
agg_hg_basis_mfg_n2n_pre_fwd_bench,0,NVIDIA RTX A6000,9,power,128,No,10000,1000,31,100,20,2182,1,137.690,inf,131.072,inf,16.647
agg_hg_basis_mfg_n2n_pre_fwd_bench,0,NVIDIA RTX A6000,10,power,128,No,10000,1000,32,100,20,2187,1,133.402,inf,126.976,inf,17.224
agg_hg_basis_mfg_n2n_pre_fwd_bench,0,NVIDIA RTX A6000,11,power,128,No,10000,1000,33,100,20,2192,1,136.798,inf,131.072,inf,16.724
agg_hg_basis_mfg_n2n_pre_fwd_bench,0,NVIDIA RTX A6000,12,power,128,No,100000,5000,50,100,40,11717,1,653.724,inf,647.168,inf,18.105
agg_hg_basis_mfg_n2n_pre_fwd_bench,0,NVIDIA RTX A6000,13,power,128,No,100000,10000,50,100,40,23253,1,1023.542,inf,1017.856,inf,22.845
agg_hg_basis_mfg_n2n_pre_fwd_bench,0,NVIDIA RTX A6000,14,power,128,No,100000,20000,50,100,40,46322,1,1783.396,inf,1776.640,inf,26.073
agg_hg_basis_mfg_n2n_pre_bwd_bench,0,NVIDIA RTX A6000,0,uniform,32,No,2000,100,8,50,10,800,1,193.816,inf,188.416,inf,4.246
agg_hg_basis_mfg_n2n_pre_bwd_bench,0,NVIDIA RTX A6000,1,uniform,32,No,2000,200,8,50,10,1600,1,197.373,inf,191.488,inf,8.356
agg_hg_basis_mfg_n2n_pre_bwd_bench,0,NVIDIA RTX A6000,2,uniform,32,No,2000,400,8,50,10,3200,1,192.584,inf,187.392,inf,17.077
agg_hg_basis_mfg_n2n_pre_bwd_bench,0,NVIDIA RTX A6000,3,uniform,32,No,4000,200,16,50,20,3200,1,729.226,inf,722.944,inf,4.426
agg_hg_basis_mfg_n2n_pre_bwd_bench,0,NVIDIA RTX A6000,4,uniform,32,No,4000,400,16,50,20,6400,1,735.969,inf,731.136,inf,8.754
agg_hg_basis_mfg_n2n_pre_bwd_bench,0,NVIDIA RTX A6000,5,uniform,32,No,4000,800,16,50,20,12800,1,1409.320,inf,1403.904,inf,9.117
agg_hg_basis_mfg_n2n_pre_bwd_bench,0,NVIDIA RTX A6000,6,uniform,32,No,10000,500,31,100,10,15500,1,718.066,inf,712.704,inf,21.748
agg_hg_basis_mfg_n2n_pre_bwd_bench,0,NVIDIA RTX A6000,7,uniform,32,No,10000,500,32,100,10,16000,1,744.054,inf,738.304,inf,21.671
agg_hg_basis_mfg_n2n_pre_bwd_bench,0,NVIDIA RTX A6000,8,uniform,32,No,10000,500,33,100,10,16500,1,763.121,inf,757.760,inf,21.775
agg_hg_basis_mfg_n2n_pre_bwd_bench,0,NVIDIA RTX A6000,9,uniform,32,No,10000,1000,31,100,20,31000,1,4074.320,inf,4069.376,inf,7.618
agg_hg_basis_mfg_n2n_pre_bwd_bench,0,NVIDIA RTX A6000,10,uniform,32,No,10000,1000,32,100,20,32000,1,4209.916,inf,4203.520,inf,7.613
agg_hg_basis_mfg_n2n_pre_bwd_bench,0,NVIDIA RTX A6000,11,uniform,32,No,10000,1000,33,100,20,33000,1,4339.320,inf,4334.592,inf,7.613
agg_hg_basis_mfg_n2n_pre_bwd_bench,0,NVIDIA RTX A6000,12,uniform,32,No,100000,5000,50,100,40,250000,1,88036.244,inf,88028.160,inf,2.840
agg_hg_basis_mfg_n2n_pre_bwd_bench,0,NVIDIA RTX A6000,13,uniform,32,No,100000,10000,50,100,40,500000,1,174225.702,inf,174218.246,inf,2.870
agg_hg_basis_mfg_n2n_pre_bwd_bench,0,NVIDIA RTX A6000,14,uniform,32,No,100000,20000,50,100,40,1000000,1,348187.888,inf,348176.392,inf,2.872
agg_hg_basis_mfg_n2n_pre_bwd_bench,0,NVIDIA RTX A6000,0,normal,32,No,2000,100,8,50,10,345,1,193.545,inf,186.368,inf,1.851
agg_hg_basis_mfg_n2n_pre_bwd_bench,0,NVIDIA RTX A6000,1,normal,32,No,2000,200,8,50,10,679,1,188.616,inf,184.320,inf,3.684
agg_hg_basis_mfg_n2n_pre_bwd_bench,0,NVIDIA RTX A6000,2,normal,32,No,2000,400,8,50,10,1415,1,192.533,inf,187.392,inf,7.551
agg_hg_basis_mfg_n2n_pre_bwd_bench,0,NVIDIA RTX A6000,3,normal,32,No,4000,200,16,50,20,1436,1,721.712,inf,715.776,inf,2.006
agg_hg_basis_mfg_n2n_pre_bwd_bench,0,NVIDIA RTX A6000,4,normal,32,No,4000,400,16,50,20,2988,1,720.300,inf,714.752,inf,4.180
agg_hg_basis_mfg_n2n_pre_bwd_bench,0,NVIDIA RTX A6000,5,normal,32,No,4000,800,16,50,20,6101,1,1023.953,inf,1018.880,inf,5.988
agg_hg_basis_mfg_n2n_pre_bwd_bench,0,NVIDIA RTX A6000,6,normal,32,No,10000,500,31,100,10,7560,1,705.662,inf,700.416,inf,10.794
agg_hg_basis_mfg_n2n_pre_bwd_bench,0,NVIDIA RTX A6000,7,normal,32,No,10000,500,32,100,10,7802,1,727.894,inf,721.920,inf,10.807
agg_hg_basis_mfg_n2n_pre_bwd_bench,0,NVIDIA RTX A6000,8,normal,32,No,10000,500,33,100,10,8061,1,745.567,inf,740.352,inf,10.888
agg_hg_basis_mfg_n2n_pre_bwd_bench,0,NVIDIA RTX A6000,9,normal,32,No,10000,1000,31,100,20,15135,1,2524.285,inf,2519.040,inf,6.008
agg_hg_basis_mfg_n2n_pre_bwd_bench,0,NVIDIA RTX A6000,10,normal,32,No,10000,1000,32,100,20,15641,1,2608.934,inf,2604.032,inf,6.006
agg_hg_basis_mfg_n2n_pre_bwd_bench,0,NVIDIA RTX A6000,11,normal,32,No,10000,1000,33,100,20,16128,1,2679.859,inf,2674.688,inf,6.030
agg_hg_basis_mfg_n2n_pre_bwd_bench,0,NVIDIA RTX A6000,12,normal,32,No,100000,5000,50,100,40,123940,1,46166.737,inf,46159.870,inf,2.685
agg_hg_basis_mfg_n2n_pre_bwd_bench,0,NVIDIA RTX A6000,13,normal,32,No,100000,10000,50,100,40,247126,1,88974.615,inf,88968.193,inf,2.778
agg_hg_basis_mfg_n2n_pre_bwd_bench,0,NVIDIA RTX A6000,14,normal,32,No,100000,20000,50,100,40,493382,1,173470.798,inf,173462.524,inf,2.844
agg_hg_basis_mfg_n2n_pre_bwd_bench,0,NVIDIA RTX A6000,0,power,32,No,2000,100,8,50,10,183,1,191.722,inf,186.368,inf,0.982
agg_hg_basis_mfg_n2n_pre_bwd_bench,0,NVIDIA RTX A6000,1,power,32,No,2000,200,8,50,10,373,1,194.698,inf,188.416,inf,1.980
agg_hg_basis_mfg_n2n_pre_bwd_bench,0,NVIDIA RTX A6000,2,power,32,No,2000,400,8,50,10,740,1,191.873,inf,187.392,inf,3.949
agg_hg_basis_mfg_n2n_pre_bwd_bench,0,NVIDIA RTX A6000,3,power,32,No,4000,200,16,50,20,409,1,714.529,inf,708.608,inf,0.577
agg_hg_basis_mfg_n2n_pre_bwd_bench,0,NVIDIA RTX A6000,4,power,32,No,4000,400,16,50,20,811,1,717.064,inf,711.680,inf,1.140
agg_hg_basis_mfg_n2n_pre_bwd_bench,0,NVIDIA RTX A6000,5,power,32,No,4000,800,16,50,20,1621,1,744.125,inf,739.328,inf,2.193
agg_hg_basis_mfg_n2n_pre_bwd_bench,0,NVIDIA RTX A6000,6,power,32,No,10000,500,31,100,10,1086,1,703.899,inf,697.344,inf,1.557
agg_hg_basis_mfg_n2n_pre_bwd_bench,0,NVIDIA RTX A6000,7,power,32,No,10000,500,32,100,10,1089,1,721.181,inf,715.776,inf,1.521
agg_hg_basis_mfg_n2n_pre_bwd_bench,0,NVIDIA RTX A6000,8,power,32,No,10000,500,33,100,10,1092,1,744.766,inf,739.328,inf,1.477
agg_hg_basis_mfg_n2n_pre_bwd_bench,0,NVIDIA RTX A6000,9,power,32,No,10000,1000,31,100,20,2182,1,1478.922,inf,1474.560,inf,1.480
agg_hg_basis_mfg_n2n_pre_bwd_bench,0,NVIDIA RTX A6000,10,power,32,No,10000,1000,32,100,20,2187,1,1503.498,inf,1499.136,inf,1.459
agg_hg_basis_mfg_n2n_pre_bwd_bench,0,NVIDIA RTX A6000,11,power,32,No,10000,1000,33,100,20,2192,1,1555.866,inf,1551.360,inf,1.413
agg_hg_basis_mfg_n2n_pre_bwd_bench,0,NVIDIA RTX A6000,12,power,32,No,100000,5000,50,100,40,11717,1,8594.842,inf,8587.264,inf,1.364
agg_hg_basis_mfg_n2n_pre_bwd_bench,0,NVIDIA RTX A6000,13,power,32,No,100000,10000,50,100,40,23253,1,12294.837,inf,12289.024,inf,1.892
agg_hg_basis_mfg_n2n_pre_bwd_bench,0,NVIDIA RTX A6000,14,power,32,No,100000,20000,50,100,40,46322,1,20805.870,inf,20800.512,inf,2.227
agg_hg_basis_mfg_n2n_pre_bwd_bench,0,NVIDIA RTX A6000,0,uniform,64,No,2000,100,8,50,10,800,1,294.175,inf,287.744,inf,2.780
agg_hg_basis_mfg_n2n_pre_bwd_bench,0,NVIDIA RTX A6000,1,uniform,64,No,2000,200,8,50,10,1600,1,273.316,inf,268.288,inf,5.964
agg_hg_basis_mfg_n2n_pre_bwd_bench,0,NVIDIA RTX A6000,2,uniform,64,No,2000,400,8,50,10,3200,1,295.908,inf,290.816,inf,11.004
agg_hg_basis_mfg_n2n_pre_bwd_bench,0,NVIDIA RTX A6000,3,uniform,64,No,4000,200,16,50,20,3200,1,829.896,inf,823.296,inf,3.887
agg_hg_basis_mfg_n2n_pre_bwd_bench,0,NVIDIA RTX A6000,4,uniform,64,No,4000,400,16,50,20,6400,1,987.404,inf,983.040,inf,6.510
agg_hg_basis_mfg_n2n_pre_bwd_bench,0,NVIDIA RTX A6000,5,uniform,64,No,4000,800,16,50,20,12800,1,1681.454,inf,1676.288,inf,7.636
agg_hg_basis_mfg_n2n_pre_bwd_bench,0,NVIDIA RTX A6000,6,uniform,64,No,10000,500,31,100,10,15500,1,919.395,inf,914.432,inf,16.950
agg_hg_basis_mfg_n2n_pre_bwd_bench,0,NVIDIA RTX A6000,7,uniform,64,No,10000,500,32,100,10,16000,1,962.307,inf,957.440,inf,16.711
agg_hg_basis_mfg_n2n_pre_bwd_bench,0,NVIDIA RTX A6000,8,uniform,64,No,10000,500,33,100,10,16500,1,887.044,inf,881.664,inf,18.715
agg_hg_basis_mfg_n2n_pre_bwd_bench,0,NVIDIA RTX A6000,9,uniform,64,No,10000,1000,31,100,20,31000,1,4425.923,inf,4420.608,inf,7.013
agg_hg_basis_mfg_n2n_pre_bwd_bench,0,NVIDIA RTX A6000,10,uniform,64,No,10000,1000,32,100,20,32000,1,4630.009,inf,4623.360,inf,6.921
agg_hg_basis_mfg_n2n_pre_bwd_bench,0,NVIDIA RTX A6000,11,uniform,64,No,10000,1000,33,100,20,33000,1,4672.910,inf,4667.392,inf,7.070
agg_hg_basis_mfg_n2n_pre_bwd_bench,0,NVIDIA RTX A6000,12,uniform,64,No,100000,5000,50,100,40,250000,1,90281.541,inf,90274.818,inf,2.769
agg_hg_basis_mfg_n2n_pre_bwd_bench,0,NVIDIA RTX A6000,13,uniform,64,No,100000,10000,50,100,40,500000,1,178711.549,inf,178704.391,inf,2.798
agg_hg_basis_mfg_n2n_pre_bwd_bench,0,NVIDIA RTX A6000,14,uniform,64,No,100000,20000,50,100,40,1000000,1,355454.973,inf,355444.733,inf,2.813
agg_hg_basis_mfg_n2n_pre_bwd_bench,0,NVIDIA RTX A6000,0,normal,64,No,2000,100,8,50,10,345,1,264.840,inf,259.072,inf,1.332
agg_hg_basis_mfg_n2n_pre_bwd_bench,0,NVIDIA RTX A6000,1,normal,64,No,2000,200,8,50,10,679,1,229.734,inf,224.256,inf,3.028
agg_hg_basis_mfg_n2n_pre_bwd_bench,0,NVIDIA RTX A6000,2,normal,64,No,2000,400,8,50,10,1415,1,271.813,inf,267.264,inf,5.294
agg_hg_basis_mfg_n2n_pre_bwd_bench,0,NVIDIA RTX A6000,3,normal,64,No,4000,200,16,50,20,1436,1,768.260,inf,762.880,inf,1.882
agg_hg_basis_mfg_n2n_pre_bwd_bench,0,NVIDIA RTX A6000,4,normal,64,No,4000,400,16,50,20,2988,1,922.862,inf,917.504,inf,3.257
agg_hg_basis_mfg_n2n_pre_bwd_bench,0,NVIDIA RTX A6000,5,normal,64,No,4000,800,16,50,20,6101,1,1112.480,inf,1106.944,inf,5.512
agg_hg_basis_mfg_n2n_pre_bwd_bench,0,NVIDIA RTX A6000,6,normal,64,No,10000,500,31,100,10,7560,1,778.950,inf,774.144,inf,9.766
agg_hg_basis_mfg_n2n_pre_bwd_bench,0,NVIDIA RTX A6000,7,normal,64,No,10000,500,32,100,10,7802,1,806.943,inf,800.768,inf,9.743
agg_hg_basis_mfg_n2n_pre_bwd_bench,0,NVIDIA RTX A6000,8,normal,64,No,10000,500,33,100,10,8061,1,814.177,inf,808.960,inf,9.965
agg_hg_basis_mfg_n2n_pre_bwd_bench,0,NVIDIA RTX A6000,9,normal,64,No,10000,1000,31,100,20,15135,1,2778.254,inf,2772.992,inf,5.458
agg_hg_basis_mfg_n2n_pre_bwd_bench,0,NVIDIA RTX A6000,10,normal,64,No,10000,1000,32,100,20,15641,1,2807.409,inf,2800.640,inf,5.585
agg_hg_basis_mfg_n2n_pre_bwd_bench,0,NVIDIA RTX A6000,11,normal,64,No,10000,1000,33,100,20,16128,1,2859.627,inf,2854.912,inf,5.649
agg_hg_basis_mfg_n2n_pre_bwd_bench,0,NVIDIA RTX A6000,12,normal,64,No,100000,5000,50,100,40,123940,1,48145.041,inf,48137.215,inf,2.575
agg_hg_basis_mfg_n2n_pre_bwd_bench,0,NVIDIA RTX A6000,13,normal,64,No,100000,10000,50,100,40,247126,1,92153.245,inf,92145.660,inf,2.682
agg_hg_basis_mfg_n2n_pre_bwd_bench,0,NVIDIA RTX A6000,14,normal,64,No,100000,20000,50,100,40,493382,1,180464.097,inf,180455.429,inf,2.734
agg_hg_basis_mfg_n2n_pre_bwd_bench,0,NVIDIA RTX A6000,0,power,64,No,2000,100,8,50,10,183,1,259.349,inf,253.952,inf,0.721
agg_hg_basis_mfg_n2n_pre_bwd_bench,0,NVIDIA RTX A6000,1,power,64,No,2000,200,8,50,10,373,1,260.131,inf,252.928,inf,1.475
agg_hg_basis_mfg_n2n_pre_bwd_bench,0,NVIDIA RTX A6000,2,power,64,No,2000,400,8,50,10,740,1,278.767,inf,272.384,inf,2.717
agg_hg_basis_mfg_n2n_pre_bwd_bench,0,NVIDIA RTX A6000,3,power,64,No,4000,200,16,50,20,409,1,755.236,inf,748.576,inf,0.546
agg_hg_basis_mfg_n2n_pre_bwd_bench,0,NVIDIA RTX A6000,4,power,64,No,4000,400,16,50,20,811,1,776.074,inf,771.072,inf,1.052
agg_hg_basis_mfg_n2n_pre_bwd_bench,0,NVIDIA RTX A6000,5,power,64,No,4000,800,16,50,20,1621,1,843.512,inf,837.632,inf,1.935
agg_hg_basis_mfg_n2n_pre_bwd_bench,0,NVIDIA RTX A6000,6,power,64,No,10000,500,31,100,10,1086,1,736.350,inf,731.136,inf,1.485
agg_hg_basis_mfg_n2n_pre_bwd_bench,0,NVIDIA RTX A6000,7,power,64,No,10000,500,32,100,10,1089,1,891.873,inf,886.784,inf,1.228
agg_hg_basis_mfg_n2n_pre_bwd_bench,0,NVIDIA RTX A6000,8,power,64,No,10000,500,33,100,10,1092,1,943.281,inf,937.984,inf,1.164
agg_hg_basis_mfg_n2n_pre_bwd_bench,0,NVIDIA RTX A6000,9,power,64,No,10000,1000,31,100,20,2182,1,1647.079,inf,1641.472,inf,1.329
agg_hg_basis_mfg_n2n_pre_bwd_bench,0,NVIDIA RTX A6000,10,power,64,No,10000,1000,32,100,20,2187,1,1616.521,inf,1609.920,inf,1.358
agg_hg_basis_mfg_n2n_pre_bwd_bench,0,NVIDIA RTX A6000,11,power,64,No,10000,1000,33,100,20,2192,1,1658.751,inf,1652.736,inf,1.326
agg_hg_basis_mfg_n2n_pre_bwd_bench,0,NVIDIA RTX A6000,12,power,64,No,100000,5000,50,100,40,11717,1,9857.827,inf,9849.856,inf,1.190
agg_hg_basis_mfg_n2n_pre_bwd_bench,0,NVIDIA RTX A6000,13,power,64,No,100000,10000,50,100,40,23253,1,14000.406,inf,13992.960,inf,1.662
agg_hg_basis_mfg_n2n_pre_bwd_bench,0,NVIDIA RTX A6000,14,power,64,No,100000,20000,50,100,40,46322,1,23585.166,inf,23577.600,inf,1.965
agg_hg_basis_mfg_n2n_pre_bwd_bench,0,NVIDIA RTX A6000,0,uniform,128,No,2000,100,8,50,10,800,1,302.922,inf,297.984,inf,2.685
agg_hg_basis_mfg_n2n_pre_bwd_bench,0,NVIDIA RTX A6000,1,uniform,128,No,2000,200,8,50,10,1600,1,306.609,inf,301.056,inf,5.315
agg_hg_basis_mfg_n2n_pre_bwd_bench,0,NVIDIA RTX A6000,2,uniform,128,No,2000,400,8,50,10,3200,1,310.075,inf,305.152,inf,10.487
agg_hg_basis_mfg_n2n_pre_bwd_bench,0,NVIDIA RTX A6000,3,uniform,128,No,4000,200,16,50,20,3200,1,1023.192,inf,1015.808,inf,3.150
agg_hg_basis_mfg_n2n_pre_bwd_bench,0,NVIDIA RTX A6000,4,uniform,128,No,4000,400,16,50,20,6400,1,1021.417,inf,1015.808,inf,6.300
agg_hg_basis_mfg_n2n_pre_bwd_bench,0,NVIDIA RTX A6000,5,uniform,128,No,4000,800,16,50,20,12800,1,1871.512,inf,1866.848,inf,6.856
agg_hg_basis_mfg_n2n_pre_bwd_bench,0,NVIDIA RTX A6000,6,uniform,128,No,10000,500,31,100,10,15500,1,1028.100,inf,1024.000,inf,15.137
agg_hg_basis_mfg_n2n_pre_bwd_bench,0,NVIDIA RTX A6000,7,uniform,128,No,10000,500,32,100,10,16000,1,1112.139,inf,1106.944,inf,14.454
agg_hg_basis_mfg_n2n_pre_bwd_bench,0,NVIDIA RTX A6000,8,uniform,128,No,10000,500,33,100,10,16500,1,1111.358,inf,1105.920,inf,14.920
agg_hg_basis_mfg_n2n_pre_bwd_bench,0,NVIDIA RTX A6000,9,uniform,128,No,10000,1000,31,100,20,31000,1,4765.154,inf,4757.504,inf,6.516
agg_hg_basis_mfg_n2n_pre_bwd_bench,0,NVIDIA RTX A6000,10,uniform,128,No,10000,1000,32,100,20,32000,1,4885.742,inf,4879.360,inf,6.558
agg_hg_basis_mfg_n2n_pre_bwd_bench,0,NVIDIA RTX A6000,11,uniform,128,No,10000,1000,33,100,20,33000,1,5084.025,inf,5077.824,inf,6.499
agg_hg_basis_mfg_n2n_pre_bwd_bench,0,NVIDIA RTX A6000,12,uniform,128,No,100000,5000,50,100,40,250000,1,94750.908,inf,94743.553,inf,2.639
agg_hg_basis_mfg_n2n_pre_bwd_bench,0,NVIDIA RTX A6000,13,uniform,128,No,100000,10000,50,100,40,500000,1,187359.541,inf,187351.044,inf,2.669
agg_hg_basis_mfg_n2n_pre_bwd_bench,0,NVIDIA RTX A6000,14,uniform,128,No,100000,20000,50,100,40,1000000,1,368875.883,inf,368866.302,inf,2.711
agg_hg_basis_mfg_n2n_pre_bwd_bench,0,NVIDIA RTX A6000,0,normal,128,No,2000,100,8,50,10,345,1,273.125,inf,267.264,inf,1.291
agg_hg_basis_mfg_n2n_pre_bwd_bench,0,NVIDIA RTX A6000,1,normal,128,No,2000,200,8,50,10,679,1,293.644,inf,286.720,inf,2.368
agg_hg_basis_mfg_n2n_pre_bwd_bench,0,NVIDIA RTX A6000,2,normal,128,No,2000,400,8,50,10,1415,1,276.762,inf,271.360,inf,5.214
agg_hg_basis_mfg_n2n_pre_bwd_bench,0,NVIDIA RTX A6000,3,normal,128,No,4000,200,16,50,20,1436,1,910.739,inf,903.168,inf,1.590
agg_hg_basis_mfg_n2n_pre_bwd_bench,0,NVIDIA RTX A6000,4,normal,128,No,4000,400,16,50,20,2988,1,919.716,inf,914.432,inf,3.268
agg_hg_basis_mfg_n2n_pre_bwd_bench,0,NVIDIA RTX A6000,5,normal,128,No,4000,800,16,50,20,6101,1,1367.621,inf,1361.920,inf,4.480
agg_hg_basis_mfg_n2n_pre_bwd_bench,0,NVIDIA RTX A6000,6,normal,128,No,10000,500,31,100,10,7560,1,928.913,inf,922.624,inf,8.194
agg_hg_basis_mfg_n2n_pre_bwd_bench,0,NVIDIA RTX A6000,7,normal,128,No,10000,500,32,100,10,7802,1,956.385,inf,952.320,inf,8.193
agg_hg_basis_mfg_n2n_pre_bwd_bench,0,NVIDIA RTX A6000,8,normal,128,No,10000,500,33,100,10,8061,1,979.809,inf,973.824,inf,8.278
agg_hg_basis_mfg_n2n_pre_bwd_bench,0,NVIDIA RTX A6000,9,normal,128,No,10000,1000,31,100,20,15135,1,2953.915,inf,2949.120,inf,5.132
agg_hg_basis_mfg_n2n_pre_bwd_bench,0,NVIDIA RTX A6000,10,normal,128,No,10000,1000,32,100,20,15641,1,3037.924,inf,3033.088,inf,5.157
agg_hg_basis_mfg_n2n_pre_bwd_bench,0,NVIDIA RTX A6000,11,normal,128,No,10000,1000,33,100,20,16128,1,3304.217,inf,3299.328,inf,4.888
agg_hg_basis_mfg_n2n_pre_bwd_bench,0,NVIDIA RTX A6000,12,normal,128,No,100000,5000,50,100,40,123940,1,51536.312,inf,51528.706,inf,2.405
agg_hg_basis_mfg_n2n_pre_bwd_bench,0,NVIDIA RTX A6000,13,normal,128,No,100000,10000,50,100,40,247126,1,97447.336,inf,97439.743,inf,2.536
agg_hg_basis_mfg_n2n_pre_bwd_bench,0,NVIDIA RTX A6000,14,normal,128,No,100000,20000,50,100,40,493382,1,188356.143,inf,188347.397,inf,2.620
agg_hg_basis_mfg_n2n_pre_bwd_bench,0,NVIDIA RTX A6000,0,power,128,No,2000,100,8,50,10,183,1,299.215,inf,293.888,inf,0.623
agg_hg_basis_mfg_n2n_pre_bwd_bench,0,NVIDIA RTX A6000,1,power,128,No,2000,200,8,50,10,373,1,281.601,inf,276.480,inf,1.349
agg_hg_basis_mfg_n2n_pre_bwd_bench,0,NVIDIA RTX A6000,2,power,128,No,2000,400,8,50,10,740,1,294.236,inf,289.792,inf,2.554
agg_hg_basis_mfg_n2n_pre_bwd_bench,0,NVIDIA RTX A6000,3,power,128,No,4000,200,16,50,20,409,1,822.682,inf,817.152,inf,0.501
agg_hg_basis_mfg_n2n_pre_bwd_bench,0,NVIDIA RTX A6000,4,power,128,No,4000,400,16,50,20,811,1,885.241,inf,880.640,inf,0.921
agg_hg_basis_mfg_n2n_pre_bwd_bench,0,NVIDIA RTX A6000,5,power,128,No,4000,800,16,50,20,1621,1,975.912,inf,970.752,inf,1.670
agg_hg_basis_mfg_n2n_pre_bwd_bench,0,NVIDIA RTX A6000,6,power,128,No,10000,500,31,100,10,1086,1,850.375,inf,844.800,inf,1.286
agg_hg_basis_mfg_n2n_pre_bwd_bench,0,NVIDIA RTX A6000,7,power,128,No,10000,500,32,100,10,1089,1,979.799,inf,974.848,inf,1.117
agg_hg_basis_mfg_n2n_pre_bwd_bench,0,NVIDIA RTX A6000,8,power,128,No,10000,500,33,100,10,1092,1,837.120,inf,831.488,inf,1.313
agg_hg_basis_mfg_n2n_pre_bwd_bench,0,NVIDIA RTX A6000,9,power,128,No,10000,1000,31,100,20,2182,1,1763.108,inf,1758.208,inf,1.241
agg_hg_basis_mfg_n2n_pre_bwd_bench,0,NVIDIA RTX A6000,10,power,128,No,10000,1000,32,100,20,2187,1,1932.548,inf,1927.168,inf,1.135
agg_hg_basis_mfg_n2n_pre_bwd_bench,0,NVIDIA RTX A6000,11,power,128,No,10000,1000,33,100,20,2192,1,1777.544,inf,1772.544,inf,1.237
agg_hg_basis_mfg_n2n_pre_bwd_bench,0,NVIDIA RTX A6000,12,power,128,No,100000,5000,50,100,40,11717,1,11956.447,inf,11949.056,inf,0.981
agg_hg_basis_mfg_n2n_pre_bwd_bench,0,NVIDIA RTX A6000,13,power,128,No,100000,10000,50,100,40,23253,1,16792.996,inf,16787.457,inf,1.385
agg_hg_basis_mfg_n2n_pre_bwd_bench,0,NVIDIA RTX A6000,14,power,128,No,100000,20000,50,100,40,46322,1,27727.925,inf,27720.703,inf,1.671
