Benchmark,Device,Device Name,params_id,dist,Dim,Skipped,n_nodes,n_edges,Samples,CPU Time (us),Noise,GPU Time (us),Noise.1,Elem/s (elem/us)
agg_hg_basis_fg_n2n_pre_fwd_bench,0,NVIDIA RTX A6000,0,uniform,16,No,2000,20000,1,68.780,inf,60.416,inf,331.038
agg_hg_basis_fg_n2n_pre_fwd_bench,0,NVIDIA RTX A6000,1,uniform,16,No,4000,80000,1,307.620,inf,303.104,inf,263.936
agg_hg_basis_fg_n2n_pre_fwd_bench,0,NVIDIA RTX A6000,2,uniform,16,No,10000,400000,1,2108.770,inf,2103.296,inf,190.178
agg_hg_basis_fg_n2n_pre_fwd_bench,0,NVIDIA RTX A6000,3,uniform,16,No,100000,8000000,1,125953.545,inf,125944.832,inf,63.520
agg_hg_basis_fg_n2n_pre_fwd_bench,0,NVIDIA RTX A6000,0,normal,16,No,2000,19158,1,72.647,inf,67.584,inf,283.469
agg_hg_basis_fg_n2n_pre_fwd_bench,0,NVIDIA RTX A6000,1,normal,16,No,4000,79058,1,343.348,inf,337.920,inf,233.955
agg_hg_basis_fg_n2n_pre_fwd_bench,0,NVIDIA RTX A6000,2,normal,16,No,10000,399665,1,2206.585,inf,2200.576,inf,181.618
agg_hg_basis_fg_n2n_pre_fwd_bench,0,NVIDIA RTX A6000,3,normal,16,No,100000,8006558,1,126679.986,inf,126671.875,inf,63.207
agg_hg_basis_fg_n2n_pre_fwd_bench,0,NVIDIA RTX A6000,0,power,16,No,2000,4226,1,56.146,inf,51.200,inf,82.539
agg_hg_basis_fg_n2n_pre_fwd_bench,0,NVIDIA RTX A6000,1,power,16,No,4000,8891,1,145.295,inf,140.288,inf,63.377
agg_hg_basis_fg_n2n_pre_fwd_bench,0,NVIDIA RTX A6000,2,power,16,No,10000,23634,1,411.997,inf,406.528,inf,58.136
agg_hg_basis_fg_n2n_pre_fwd_bench,0,NVIDIA RTX A6000,3,power,16,No,100000,243988,1,5612.614,inf,5606.400,inf,43.520
agg_hg_basis_fg_n2n_pre_fwd_bench,0,NVIDIA RTX A6000,0,uniform,32,No,2000,20000,1,65.864,inf,61.440,inf,325.521
agg_hg_basis_fg_n2n_pre_fwd_bench,0,NVIDIA RTX A6000,1,uniform,32,No,4000,80000,1,420.133,inf,414.720,inf,192.901
agg_hg_basis_fg_n2n_pre_fwd_bench,0,NVIDIA RTX A6000,2,uniform,32,No,10000,400000,1,2447.269,inf,2442.240,inf,163.784
agg_hg_basis_fg_n2n_pre_fwd_bench,0,NVIDIA RTX A6000,3,uniform,32,No,100000,8000000,1,126593.593,inf,126584.862,inf,63.199
agg_hg_basis_fg_n2n_pre_fwd_bench,0,NVIDIA RTX A6000,0,normal,32,No,2000,19158,1,75.723,inf,70.656,inf,271.145
agg_hg_basis_fg_n2n_pre_fwd_bench,0,NVIDIA RTX A6000,1,normal,32,No,4000,79058,1,465.598,inf,460.800,inf,171.567
agg_hg_basis_fg_n2n_pre_fwd_bench,0,NVIDIA RTX A6000,2,normal,32,No,10000,399665,1,2550.694,inf,2544.640,inf,157.062
agg_hg_basis_fg_n2n_pre_fwd_bench,0,NVIDIA RTX A6000,3,normal,32,No,100000,8006558,1,126331.257,inf,126322.685,inf,63.382
agg_hg_basis_fg_n2n_pre_fwd_bench,0,NVIDIA RTX A6000,0,power,32,No,2000,4226,1,55.545,inf,50.176,inf,84.224
agg_hg_basis_fg_n2n_pre_fwd_bench,0,NVIDIA RTX A6000,1,power,32,No,4000,8891,1,164.470,inf,158.720,inf,56.017
agg_hg_basis_fg_n2n_pre_fwd_bench,0,NVIDIA RTX A6000,2,power,32,No,10000,23634,1,447.374,inf,441.344,inf,53.550
agg_hg_basis_fg_n2n_pre_fwd_bench,0,NVIDIA RTX A6000,3,power,32,No,100000,243988,1,5567.288,inf,5561.344,inf,43.872
agg_hg_basis_fg_n2n_pre_fwd_bench,0,NVIDIA RTX A6000,0,uniform,64,No,2000,20000,1,69.632,inf,64.512,inf,310.020
agg_hg_basis_fg_n2n_pre_fwd_bench,0,NVIDIA RTX A6000,1,uniform,64,No,4000,80000,1,541.923,inf,535.552,inf,149.379
agg_hg_basis_fg_n2n_pre_fwd_bench,0,NVIDIA RTX A6000,2,uniform,64,No,10000,400000,1,2975.766,inf,2970.624,inf,134.652
agg_hg_basis_fg_n2n_pre_fwd_bench,0,NVIDIA RTX A6000,3,uniform,64,No,100000,8000000,1,138242.890,inf,138233.856,inf,57.873
agg_hg_basis_fg_n2n_pre_fwd_bench,0,NVIDIA RTX A6000,0,normal,64,No,2000,19158,1,79.560,inf,73.728,inf,259.847
agg_hg_basis_fg_n2n_pre_fwd_bench,0,NVIDIA RTX A6000,1,normal,64,No,4000,79058,1,607.397,inf,603.136,inf,131.078
agg_hg_basis_fg_n2n_pre_fwd_bench,0,NVIDIA RTX A6000,2,normal,64,No,10000,399665,1,3058.432,inf,3053.568,inf,130.885
agg_hg_basis_fg_n2n_pre_fwd_bench,0,NVIDIA RTX A6000,3,normal,64,No,100000,8006558,1,140307.015,inf,140299.271,inf,57.068
agg_hg_basis_fg_n2n_pre_fwd_bench,0,NVIDIA RTX A6000,0,power,64,No,2000,4226,1,60.424,inf,55.296,inf,76.425
agg_hg_basis_fg_n2n_pre_fwd_bench,0,NVIDIA RTX A6000,1,power,64,No,4000,8891,1,206.871,inf,200.704,inf,44.299
agg_hg_basis_fg_n2n_pre_fwd_bench,0,NVIDIA RTX A6000,2,power,64,No,10000,23634,1,509.882,inf,503.808,inf,46.911
agg_hg_basis_fg_n2n_pre_fwd_bench,0,NVIDIA RTX A6000,3,power,64,No,100000,243988,1,5924.231,inf,5917.696,inf,41.230
agg_hg_basis_fg_n2n_pre_bwd_bench,0,NVIDIA RTX A6000,0,uniform,16,No,2000,20000,1,593.781,inf,587.776,inf,34.027
agg_hg_basis_fg_n2n_pre_bwd_bench,0,NVIDIA RTX A6000,1,uniform,16,No,4000,80000,1,4743.243,inf,4738.048,inf,16.885
agg_hg_basis_fg_n2n_pre_bwd_bench,0,NVIDIA RTX A6000,2,uniform,16,No,10000,400000,1,19145.896,inf,19138.559,inf,20.900
agg_hg_basis_fg_n2n_pre_bwd_bench,0,NVIDIA RTX A6000,3,uniform,16,No,100000,8000000,1,644845.691,inf,644832.275,inf,12.406
agg_hg_basis_fg_n2n_pre_bwd_bench,0,NVIDIA RTX A6000,0,normal,16,No,2000,19158,1,713.857,inf,708.608,inf,27.036
agg_hg_basis_fg_n2n_pre_bwd_bench,0,NVIDIA RTX A6000,1,normal,16,No,4000,79058,1,4777.247,inf,4771.840,inf,16.568
agg_hg_basis_fg_n2n_pre_bwd_bench,0,NVIDIA RTX A6000,2,normal,16,No,10000,399665,1,16664.953,inf,16657.408,inf,23.993
agg_hg_basis_fg_n2n_pre_bwd_bench,0,NVIDIA RTX A6000,3,normal,16,No,100000,8006558,1,606051.710,inf,606038.025,inf,13.211
agg_hg_basis_fg_n2n_pre_bwd_bench,0,NVIDIA RTX A6000,0,power,16,No,2000,4226,1,392.511,inf,387.072,inf,10.918
agg_hg_basis_fg_n2n_pre_bwd_bench,0,NVIDIA RTX A6000,1,power,16,No,4000,8891,1,1168.836,inf,1163.264,inf,7.643
agg_hg_basis_fg_n2n_pre_bwd_bench,0,NVIDIA RTX A6000,2,power,16,No,10000,23634,1,2013.410,inf,2008.064,inf,11.770
agg_hg_basis_fg_n2n_pre_bwd_bench,0,NVIDIA RTX A6000,3,power,16,No,100000,243988,1,49326.258,inf,49319.935,inf,4.947
agg_hg_basis_fg_n2n_pre_bwd_bench,0,NVIDIA RTX A6000,0,uniform,32,No,2000,20000,1,1049.160,inf,1042.432,inf,19.186
agg_hg_basis_fg_n2n_pre_bwd_bench,0,NVIDIA RTX A6000,1,uniform,32,No,4000,80000,1,8571.218,inf,8564.736,inf,9.341
agg_hg_basis_fg_n2n_pre_bwd_bench,0,NVIDIA RTX A6000,2,uniform,32,No,10000,400000,1,33408.225,inf,33400.833,inf,11.976
agg_hg_basis_fg_n2n_pre_bwd_bench,0,NVIDIA RTX A6000,3,uniform,32,No,100000,8000000,1,1104931.933,inf,1104913.452,inf,7.240
agg_hg_basis_fg_n2n_pre_bwd_bench,0,NVIDIA RTX A6000,0,normal,32,No,2000,19158,1,1265.298,inf,1260.544,inf,15.198
agg_hg_basis_fg_n2n_pre_bwd_bench,0,NVIDIA RTX A6000,1,normal,32,No,4000,79058,1,8655.406,inf,8647.680,inf,9.142
agg_hg_basis_fg_n2n_pre_bwd_bench,0,NVIDIA RTX A6000,2,normal,32,No,10000,399665,1,29129.690,inf,29121.536,inf,13.724
agg_hg_basis_fg_n2n_pre_bwd_bench,0,NVIDIA RTX A6000,3,normal,32,No,100000,8006558,1,1038806.527,inf,1038788.574,inf,7.708
agg_hg_basis_fg_n2n_pre_bwd_bench,0,NVIDIA RTX A6000,0,power,32,No,2000,4226,1,683.781,inf,677.888,inf,6.234
agg_hg_basis_fg_n2n_pre_bwd_bench,0,NVIDIA RTX A6000,1,power,32,No,4000,8891,1,2089.083,inf,2084.864,inf,4.265
agg_hg_basis_fg_n2n_pre_bwd_bench,0,NVIDIA RTX A6000,2,power,32,No,10000,23634,1,3486.260,inf,3479.552,inf,6.792
agg_hg_basis_fg_n2n_pre_bwd_bench,0,NVIDIA RTX A6000,3,power,32,No,100000,243988,1,83231.480,inf,83223.549,inf,2.932
agg_hg_basis_fg_n2n_pre_bwd_bench,0,NVIDIA RTX A6000,0,uniform,64,No,2000,20000,1,1379.633,inf,1374.208,inf,14.554
agg_hg_basis_fg_n2n_pre_bwd_bench,0,NVIDIA RTX A6000,1,uniform,64,No,4000,80000,1,9411.994,inf,9405.440,inf,8.506
agg_hg_basis_fg_n2n_pre_bwd_bench,0,NVIDIA RTX A6000,2,uniform,64,No,10000,400000,1,36180.897,inf,36173.824,inf,11.058
agg_hg_basis_fg_n2n_pre_bwd_bench,0,NVIDIA RTX A6000,3,uniform,64,No,100000,8000000,1,1132790.188,inf,1132772.339,inf,7.062
agg_hg_basis_fg_n2n_pre_bwd_bench,0,NVIDIA RTX A6000,0,normal,64,No,2000,19158,1,1472.739,inf,1467.392,inf,13.056
agg_hg_basis_fg_n2n_pre_bwd_bench,0,NVIDIA RTX A6000,1,normal,64,No,4000,79058,1,9381.477,inf,9375.744,inf,8.432
agg_hg_basis_fg_n2n_pre_bwd_bench,0,NVIDIA RTX A6000,2,normal,64,No,10000,399665,1,31301.378,inf,31294.464,inf,12.771
agg_hg_basis_fg_n2n_pre_bwd_bench,0,NVIDIA RTX A6000,3,normal,64,No,100000,8006558,1,1063012.549,inf,1062995.972,inf,7.532
agg_hg_basis_fg_n2n_pre_bwd_bench,0,NVIDIA RTX A6000,0,power,64,No,2000,4226,1,955.363,inf,950.272,inf,4.447
agg_hg_basis_fg_n2n_pre_bwd_bench,0,NVIDIA RTX A6000,1,power,64,No,4000,8891,1,2313.727,inf,2307.072,inf,3.854
agg_hg_basis_fg_n2n_pre_bwd_bench,0,NVIDIA RTX A6000,2,power,64,No,10000,23634,1,4074.370,inf,4067.328,inf,5.811
agg_hg_basis_fg_n2n_pre_bwd_bench,0,NVIDIA RTX A6000,3,power,64,No,100000,243988,1,93724.505,inf,93716.476,inf,2.603
