Benchmark,Device,Device Name,params_id,dist,Dim,Skipped,n_in_nodes,n_out_nodes,sample_size,n_edge_types,n_bases,n_edges,Samples,CPU Time (us),Noise,GPU Time (us),Noise.1,Elem/s (elem/us)
agg_hg_basis_mfg_n2n_post_fwd_bench,0,NVIDIA RTX A6000,0,uniform,32,No,2000,100,8,50,10,800,1,21.822,inf,13.312,inf,60.096
agg_hg_basis_mfg_n2n_post_fwd_bench,0,NVIDIA RTX A6000,1,uniform,32,No,2000,200,8,50,10,1600,1,17.543,inf,13.312,inf,120.192
agg_hg_basis_mfg_n2n_post_fwd_bench,0,NVIDIA RTX A6000,2,uniform,32,No,2000,400,8,50,10,3200,1,17.804,inf,12.288,inf,260.417
agg_hg_basis_mfg_n2n_post_fwd_bench,0,NVIDIA RTX A6000,3,uniform,32,No,4000,200,16,50,20,3200,1,24.997,inf,19.456,inf,164.474
agg_hg_basis_mfg_n2n_post_fwd_bench,0,NVIDIA RTX A6000,4,uniform,32,No,4000,400,16,50,20,6400,1,25.769,inf,20.480,inf,312.500
agg_hg_basis_mfg_n2n_post_fwd_bench,0,NVIDIA RTX A6000,5,uniform,32,No,4000,800,16,50,20,12800,1,38.994,inf,34.816,inf,367.647
agg_hg_basis_mfg_n2n_post_fwd_bench,0,NVIDIA RTX A6000,6,uniform,32,No,10000,500,31,100,10,15500,1,32.121,inf,26.624,inf,582.181
agg_hg_basis_mfg_n2n_post_fwd_bench,0,NVIDIA RTX A6000,7,uniform,32,No,10000,500,32,100,10,16000,1,32.822,inf,27.648,inf,578.704
agg_hg_basis_mfg_n2n_post_fwd_bench,0,NVIDIA RTX A6000,8,uniform,32,No,10000,500,33,100,10,16500,1,34.105,inf,27.680,inf,596.098
agg_hg_basis_mfg_n2n_post_fwd_bench,0,NVIDIA RTX A6000,9,uniform,32,No,10000,1000,31,100,20,31000,1,67.067,inf,62.464,inf,496.286
agg_hg_basis_mfg_n2n_post_fwd_bench,0,NVIDIA RTX A6000,10,uniform,32,No,10000,1000,32,100,20,32000,1,72.557,inf,66.560,inf,480.769
agg_hg_basis_mfg_n2n_post_fwd_bench,0,NVIDIA RTX A6000,11,uniform,32,No,10000,1000,33,100,20,33000,1,71.465,inf,65.536,inf,503.540
agg_hg_basis_mfg_n2n_post_fwd_bench,0,NVIDIA RTX A6000,12,uniform,32,No,100000,5000,50,100,40,250000,1,875.792,inf,870.400,inf,287.224
agg_hg_basis_mfg_n2n_post_fwd_bench,0,NVIDIA RTX A6000,13,uniform,32,No,100000,10000,50,100,40,500000,1,1695.881,inf,1690.624,inf,295.749
agg_hg_basis_mfg_n2n_post_fwd_bench,0,NVIDIA RTX A6000,14,uniform,32,No,100000,20000,50,100,40,1000000,1,3336.396,inf,3330.048,inf,300.296
agg_hg_basis_mfg_n2n_post_fwd_bench,0,NVIDIA RTX A6000,0,normal,32,No,2000,100,8,50,10,345,1,17.503,inf,12.288,inf,28.076
agg_hg_basis_mfg_n2n_post_fwd_bench,0,NVIDIA RTX A6000,1,normal,32,No,2000,200,8,50,10,679,1,17.443,inf,11.264,inf,60.281
agg_hg_basis_mfg_n2n_post_fwd_bench,0,NVIDIA RTX A6000,2,normal,32,No,2000,400,8,50,10,1415,1,21.110,inf,13.312,inf,106.295
agg_hg_basis_mfg_n2n_post_fwd_bench,0,NVIDIA RTX A6000,3,normal,32,No,4000,200,16,50,20,1436,1,24.846,inf,18.432,inf,77.908
agg_hg_basis_mfg_n2n_post_fwd_bench,0,NVIDIA RTX A6000,4,normal,32,No,4000,400,16,50,20,2988,1,24.907,inf,19.456,inf,153.577
agg_hg_basis_mfg_n2n_post_fwd_bench,0,NVIDIA RTX A6000,5,normal,32,No,4000,800,16,50,20,6101,1,29.806,inf,24.576,inf,248.250
agg_hg_basis_mfg_n2n_post_fwd_bench,0,NVIDIA RTX A6000,6,normal,32,No,10000,500,31,100,10,7560,1,31.810,inf,25.600,inf,295.313
agg_hg_basis_mfg_n2n_post_fwd_bench,0,NVIDIA RTX A6000,7,normal,32,No,10000,500,32,100,10,7802,1,32.481,inf,27.648,inf,282.190
agg_hg_basis_mfg_n2n_post_fwd_bench,0,NVIDIA RTX A6000,8,normal,32,No,10000,500,33,100,10,8061,1,32.762,inf,26.624,inf,302.772
agg_hg_basis_mfg_n2n_post_fwd_bench,0,NVIDIA RTX A6000,9,normal,32,No,10000,1000,31,100,20,15135,1,52.970,inf,47.072,inf,321.529
agg_hg_basis_mfg_n2n_post_fwd_bench,0,NVIDIA RTX A6000,10,normal,32,No,10000,1000,32,100,20,15641,1,52.288,inf,47.104,inf,332.052
agg_hg_basis_mfg_n2n_post_fwd_bench,0,NVIDIA RTX A6000,11,normal,32,No,10000,1000,33,100,20,16128,1,53.671,inf,48.128,inf,335.106
agg_hg_basis_mfg_n2n_post_fwd_bench,0,NVIDIA RTX A6000,12,normal,32,No,100000,5000,50,100,40,123940,1,488.963,inf,483.328,inf,256.430
agg_hg_basis_mfg_n2n_post_fwd_bench,0,NVIDIA RTX A6000,13,normal,32,No,100000,10000,50,100,40,247126,1,925.557,inf,919.552,inf,268.746
agg_hg_basis_mfg_n2n_post_fwd_bench,0,NVIDIA RTX A6000,14,normal,32,No,100000,20000,50,100,40,493382,1,1802.572,inf,1796.096,inf,274.697
agg_hg_basis_mfg_n2n_post_fwd_bench,0,NVIDIA RTX A6000,0,power,32,No,2000,100,8,50,10,183,1,17.333,inf,11.264,inf,16.246
agg_hg_basis_mfg_n2n_post_fwd_bench,0,NVIDIA RTX A6000,1,power,32,No,2000,200,8,50,10,373,1,18.415,inf,13.312,inf,28.020
agg_hg_basis_mfg_n2n_post_fwd_bench,0,NVIDIA RTX A6000,2,power,32,No,2000,400,8,50,10,740,1,18.434,inf,13.312,inf,55.589
agg_hg_basis_mfg_n2n_post_fwd_bench,0,NVIDIA RTX A6000,3,power,32,No,4000,200,16,50,20,409,1,24.667,inf,19.456,inf,21.022
agg_hg_basis_mfg_n2n_post_fwd_bench,0,NVIDIA RTX A6000,4,power,32,No,4000,400,16,50,20,811,1,24.626,inf,18.432,inf,44.000
agg_hg_basis_mfg_n2n_post_fwd_bench,0,NVIDIA RTX A6000,5,power,32,No,4000,800,16,50,20,1621,1,27.942,inf,22.528,inf,71.955
agg_hg_basis_mfg_n2n_post_fwd_bench,0,NVIDIA RTX A6000,6,power,32,No,10000,500,31,100,10,1086,1,33.733,inf,27.616,inf,39.325
agg_hg_basis_mfg_n2n_post_fwd_bench,0,NVIDIA RTX A6000,7,power,32,No,10000,500,32,100,10,1089,1,32.321,inf,27.648,inf,39.388
agg_hg_basis_mfg_n2n_post_fwd_bench,0,NVIDIA RTX A6000,8,power,32,No,10000,500,33,100,10,1092,1,33.924,inf,27.648,inf,39.497
agg_hg_basis_mfg_n2n_post_fwd_bench,0,NVIDIA RTX A6000,9,power,32,No,10000,1000,31,100,20,2182,1,40.617,inf,35.840,inf,60.882
agg_hg_basis_mfg_n2n_post_fwd_bench,0,NVIDIA RTX A6000,10,power,32,No,10000,1000,32,100,20,2187,1,41.068,inf,36.864,inf,59.326
agg_hg_basis_mfg_n2n_post_fwd_bench,0,NVIDIA RTX A6000,11,power,32,No,10000,1000,33,100,20,2192,1,40.827,inf,35.840,inf,61.161
agg_hg_basis_mfg_n2n_post_fwd_bench,0,NVIDIA RTX A6000,12,power,32,No,100000,5000,50,100,40,11717,1,156.816,inf,150.528,inf,77.839
agg_hg_basis_mfg_n2n_post_fwd_bench,0,NVIDIA RTX A6000,13,power,32,No,100000,10000,50,100,40,23253,1,244.221,inf,238.592,inf,97.459
agg_hg_basis_mfg_n2n_post_fwd_bench,0,NVIDIA RTX A6000,14,power,32,No,100000,20000,50,100,40,46322,1,434.480,inf,429.056,inf,107.963
agg_hg_basis_mfg_n2n_post_fwd_bench,0,NVIDIA RTX A6000,0,uniform,64,No,2000,100,8,50,10,800,1,18.755,inf,13.312,inf,60.096
agg_hg_basis_mfg_n2n_post_fwd_bench,0,NVIDIA RTX A6000,1,uniform,64,No,2000,200,8,50,10,1600,1,18.926,inf,13.312,inf,120.192
agg_hg_basis_mfg_n2n_post_fwd_bench,0,NVIDIA RTX A6000,2,uniform,64,No,2000,400,8,50,10,3200,1,20.659,inf,16.384,inf,195.313
agg_hg_basis_mfg_n2n_post_fwd_bench,0,NVIDIA RTX A6000,3,uniform,64,No,4000,200,16,50,20,3200,1,27.001,inf,21.504,inf,148.810
agg_hg_basis_mfg_n2n_post_fwd_bench,0,NVIDIA RTX A6000,4,uniform,64,No,4000,400,16,50,20,6400,1,34.114,inf,28.672,inf,223.214
agg_hg_basis_mfg_n2n_post_fwd_bench,0,NVIDIA RTX A6000,5,uniform,64,No,4000,800,16,50,20,12800,1,59.903,inf,54.272,inf,235.849
agg_hg_basis_mfg_n2n_post_fwd_bench,0,NVIDIA RTX A6000,6,uniform,64,No,10000,500,31,100,10,15500,1,41.228,inf,35.840,inf,432.478
agg_hg_basis_mfg_n2n_post_fwd_bench,0,NVIDIA RTX A6000,7,uniform,64,No,10000,500,32,100,10,16000,1,41.128,inf,34.976,inf,457.457
agg_hg_basis_mfg_n2n_post_fwd_bench,0,NVIDIA RTX A6000,8,uniform,64,No,10000,500,33,100,10,16500,1,42.109,inf,35.840,inf,460.379
agg_hg_basis_mfg_n2n_post_fwd_bench,0,NVIDIA RTX A6000,9,uniform,64,No,10000,1000,31,100,20,31000,1,108.044,inf,102.400,inf,302.734
agg_hg_basis_mfg_n2n_post_fwd_bench,0,NVIDIA RTX A6000,10,uniform,64,No,10000,1000,32,100,20,32000,1,105.990,inf,101.376,inf,315.657
agg_hg_basis_mfg_n2n_post_fwd_bench,0,NVIDIA RTX A6000,11,uniform,64,No,10000,1000,33,100,20,33000,1,116.390,inf,110.592,inf,298.394
agg_hg_basis_mfg_n2n_post_fwd_bench,0,NVIDIA RTX A6000,12,uniform,64,No,100000,5000,50,100,40,250000,1,1407.987,inf,1401.856,inf,178.335
agg_hg_basis_mfg_n2n_post_fwd_bench,0,NVIDIA RTX A6000,13,uniform,64,No,100000,10000,50,100,40,500000,1,2738.719,inf,2732.032,inf,183.014
agg_hg_basis_mfg_n2n_post_fwd_bench,0,NVIDIA RTX A6000,14,uniform,64,No,100000,20000,50,100,40,1000000,1,5383.952,inf,5379.040,inf,185.907
agg_hg_basis_mfg_n2n_post_fwd_bench,0,NVIDIA RTX A6000,0,normal,64,No,2000,100,8,50,10,345,1,17.002,inf,11.264,inf,30.629
agg_hg_basis_mfg_n2n_post_fwd_bench,0,NVIDIA RTX A6000,1,normal,64,No,2000,200,8,50,10,679,1,19.557,inf,13.376,inf,50.763
agg_hg_basis_mfg_n2n_post_fwd_bench,0,NVIDIA RTX A6000,2,normal,64,No,2000,400,8,50,10,1415,1,20.248,inf,14.336,inf,98.703
agg_hg_basis_mfg_n2n_post_fwd_bench,0,NVIDIA RTX A6000,3,normal,64,No,4000,200,16,50,20,1436,1,25.438,inf,19.456,inf,73.808
agg_hg_basis_mfg_n2n_post_fwd_bench,0,NVIDIA RTX A6000,4,normal,64,No,4000,400,16,50,20,2988,1,29.375,inf,23.552,inf,126.868
agg_hg_basis_mfg_n2n_post_fwd_bench,0,NVIDIA RTX A6000,5,normal,64,No,4000,800,16,50,20,6101,1,43.602,inf,37.888,inf,161.027
agg_hg_basis_mfg_n2n_post_fwd_bench,0,NVIDIA RTX A6000,6,normal,64,No,10000,500,31,100,10,7560,1,36.118,inf,31.744,inf,238.155
agg_hg_basis_mfg_n2n_post_fwd_bench,0,NVIDIA RTX A6000,7,normal,64,No,10000,500,32,100,10,7802,1,34.866,inf,28.672,inf,272.112
agg_hg_basis_mfg_n2n_post_fwd_bench,0,NVIDIA RTX A6000,8,normal,64,No,10000,500,33,100,10,8061,1,37.801,inf,31.744,inf,253.938
agg_hg_basis_mfg_n2n_post_fwd_bench,0,NVIDIA RTX A6000,9,normal,64,No,10000,1000,31,100,20,15135,1,67.407,inf,62.464,inf,242.300
agg_hg_basis_mfg_n2n_post_fwd_bench,0,NVIDIA RTX A6000,10,normal,64,No,10000,1000,32,100,20,15641,1,71.685,inf,66.560,inf,234.991
agg_hg_basis_mfg_n2n_post_fwd_bench,0,NVIDIA RTX A6000,11,normal,64,No,10000,1000,33,100,20,16128,1,70.864,inf,65.536,inf,246.094
agg_hg_basis_mfg_n2n_post_fwd_bench,0,NVIDIA RTX A6000,12,normal,64,No,100000,5000,50,100,40,123940,1,738.233,inf,732.160,inf,169.280
agg_hg_basis_mfg_n2n_post_fwd_bench,0,NVIDIA RTX A6000,13,normal,64,No,100000,10000,50,100,40,247126,1,1412.095,inf,1406.976,inf,175.643
agg_hg_basis_mfg_n2n_post_fwd_bench,0,NVIDIA RTX A6000,14,normal,64,No,100000,20000,50,100,40,493382,1,2758.877,inf,2753.536,inf,179.181
agg_hg_basis_mfg_n2n_post_fwd_bench,0,NVIDIA RTX A6000,0,power,64,No,2000,100,8,50,10,183,1,18.104,inf,13.312,inf,13.747
agg_hg_basis_mfg_n2n_post_fwd_bench,0,NVIDIA RTX A6000,1,power,64,No,2000,200,8,50,10,373,1,19.016,inf,13.312,inf,28.020
agg_hg_basis_mfg_n2n_post_fwd_bench,0,NVIDIA RTX A6000,2,power,64,No,2000,400,8,50,10,740,1,20.128,inf,14.336,inf,51.618
agg_hg_basis_mfg_n2n_post_fwd_bench,0,NVIDIA RTX A6000,3,power,64,No,4000,200,16,50,20,409,1,25.859,inf,20.480,inf,19.971
agg_hg_basis_mfg_n2n_post_fwd_bench,0,NVIDIA RTX A6000,4,power,64,No,4000,400,16,50,20,811,1,28.333,inf,21.504,inf,37.714
agg_hg_basis_mfg_n2n_post_fwd_bench,0,NVIDIA RTX A6000,5,power,64,No,4000,800,16,50,20,1621,1,35.237,inf,29.632,inf,54.704
agg_hg_basis_mfg_n2n_post_fwd_bench,0,NVIDIA RTX A6000,6,power,64,No,10000,500,31,100,10,1086,1,35.797,inf,29.696,inf,36.571
agg_hg_basis_mfg_n2n_post_fwd_bench,0,NVIDIA RTX A6000,7,power,64,No,10000,500,32,100,10,1089,1,36.469,inf,31.744,inf,34.306
agg_hg_basis_mfg_n2n_post_fwd_bench,0,NVIDIA RTX A6000,8,power,64,No,10000,500,33,100,10,1092,1,36.259,inf,30.720,inf,35.547
agg_hg_basis_mfg_n2n_post_fwd_bench,0,NVIDIA RTX A6000,9,power,64,No,10000,1000,31,100,20,2182,1,48.692,inf,43.008,inf,50.735
agg_hg_basis_mfg_n2n_post_fwd_bench,0,NVIDIA RTX A6000,10,power,64,No,10000,1000,32,100,20,2187,1,50.004,inf,44.032,inf,49.668
agg_hg_basis_mfg_n2n_post_fwd_bench,0,NVIDIA RTX A6000,11,power,64,No,10000,1000,33,100,20,2192,1,47.951,inf,41.984,inf,52.210
agg_hg_basis_mfg_n2n_post_fwd_bench,0,NVIDIA RTX A6000,12,power,64,No,100000,5000,50,100,40,11717,1,206.239,inf,201.728,inf,58.083
agg_hg_basis_mfg_n2n_post_fwd_bench,0,NVIDIA RTX A6000,13,power,64,No,100000,10000,50,100,40,23253,1,335.934,inf,330.752,inf,70.303
agg_hg_basis_mfg_n2n_post_fwd_bench,0,NVIDIA RTX A6000,14,power,64,No,100000,20000,50,100,40,46322,1,618.527,inf,612.352,inf,75.646
agg_hg_basis_mfg_n2n_post_fwd_bench,0,NVIDIA RTX A6000,0,uniform,128,No,2000,100,8,50,10,800,1,19.236,inf,13.312,inf,60.096
agg_hg_basis_mfg_n2n_post_fwd_bench,0,NVIDIA RTX A6000,1,uniform,128,No,2000,200,8,50,10,1600,1,20.579,inf,15.360,inf,104.167
agg_hg_basis_mfg_n2n_post_fwd_bench,0,NVIDIA RTX A6000,2,uniform,128,No,2000,400,8,50,10,3200,1,31.449,inf,26.624,inf,120.192
agg_hg_basis_mfg_n2n_post_fwd_bench,0,NVIDIA RTX A6000,3,uniform,128,No,4000,200,16,50,20,3200,1,36.529,inf,30.720,inf,104.167
agg_hg_basis_mfg_n2n_post_fwd_bench,0,NVIDIA RTX A6000,4,uniform,128,No,4000,400,16,50,20,6400,1,62.789,inf,57.344,inf,111.607
agg_hg_basis_mfg_n2n_post_fwd_bench,0,NVIDIA RTX A6000,5,uniform,128,No,4000,800,16,50,20,12800,1,134.153,inf,129.024,inf,99.206
agg_hg_basis_mfg_n2n_post_fwd_bench,0,NVIDIA RTX A6000,6,uniform,128,No,10000,500,31,100,10,15500,1,69.792,inf,64.512,inf,240.265
agg_hg_basis_mfg_n2n_post_fwd_bench,0,NVIDIA RTX A6000,7,uniform,128,No,10000,500,32,100,10,16000,1,69.852,inf,64.512,inf,248.016
agg_hg_basis_mfg_n2n_post_fwd_bench,0,NVIDIA RTX A6000,8,uniform,128,No,10000,500,33,100,10,16500,1,69.251,inf,63.488,inf,259.892
agg_hg_basis_mfg_n2n_post_fwd_bench,0,NVIDIA RTX A6000,9,uniform,128,No,10000,1000,31,100,20,31000,1,260.101,inf,253.920,inf,122.086
agg_hg_basis_mfg_n2n_post_fwd_bench,0,NVIDIA RTX A6000,10,uniform,128,No,10000,1000,32,100,20,32000,1,256.524,inf,250.880,inf,127.551
agg_hg_basis_mfg_n2n_post_fwd_bench,0,NVIDIA RTX A6000,11,uniform,128,No,10000,1000,33,100,20,33000,1,264.570,inf,259.072,inf,127.378
agg_hg_basis_mfg_n2n_post_fwd_bench,0,NVIDIA RTX A6000,12,uniform,128,No,100000,5000,50,100,40,250000,1,2983.552,inf,2977.792,inf,83.955
agg_hg_basis_mfg_n2n_post_fwd_bench,0,NVIDIA RTX A6000,13,uniform,128,No,100000,10000,50,100,40,500000,1,5830.214,inf,5823.488,inf,85.859
agg_hg_basis_mfg_n2n_post_fwd_bench,0,NVIDIA RTX A6000,14,uniform,128,No,100000,20000,50,100,40,1000000,1,11801.134,inf,11794.432,inf,84.786
agg_hg_basis_mfg_n2n_post_fwd_bench,0,NVIDIA RTX A6000,0,normal,128,No,2000,100,8,50,10,345,1,18.725,inf,13.312,inf,25.916
agg_hg_basis_mfg_n2n_post_fwd_bench,0,NVIDIA RTX A6000,1,normal,128,No,2000,200,8,50,10,679,1,20.850,inf,15.360,inf,44.206
agg_hg_basis_mfg_n2n_post_fwd_bench,0,NVIDIA RTX A6000,2,normal,128,No,2000,400,8,50,10,1415,1,25.919,inf,20.480,inf,69.092
agg_hg_basis_mfg_n2n_post_fwd_bench,0,NVIDIA RTX A6000,3,normal,128,No,4000,200,16,50,20,1436,1,31.310,inf,24.576,inf,58.431
agg_hg_basis_mfg_n2n_post_fwd_bench,0,NVIDIA RTX A6000,4,normal,128,No,4000,400,16,50,20,2988,1,46.638,inf,40.960,inf,72.949
agg_hg_basis_mfg_n2n_post_fwd_bench,0,NVIDIA RTX A6000,5,normal,128,No,4000,800,16,50,20,6101,1,87.334,inf,81.920,inf,74.475
agg_hg_basis_mfg_n2n_post_fwd_bench,0,NVIDIA RTX A6000,6,normal,128,No,10000,500,31,100,10,7560,1,48.051,inf,43.008,inf,175.781
agg_hg_basis_mfg_n2n_post_fwd_bench,0,NVIDIA RTX A6000,7,normal,128,No,10000,500,32,100,10,7802,1,49.092,inf,43.008,inf,181.408
agg_hg_basis_mfg_n2n_post_fwd_bench,0,NVIDIA RTX A6000,8,normal,128,No,10000,500,33,100,10,8061,1,50.896,inf,45.056,inf,178.911
agg_hg_basis_mfg_n2n_post_fwd_bench,0,NVIDIA RTX A6000,9,normal,128,No,10000,1000,31,100,20,15135,1,134.884,inf,129.024,inf,117.304
agg_hg_basis_mfg_n2n_post_fwd_bench,0,NVIDIA RTX A6000,10,normal,128,No,10000,1000,32,100,20,15641,1,139.683,inf,134.144,inf,116.599
agg_hg_basis_mfg_n2n_post_fwd_bench,0,NVIDIA RTX A6000,11,normal,128,No,10000,1000,33,100,20,16128,1,139.423,inf,134.144,inf,120.229
agg_hg_basis_mfg_n2n_post_fwd_bench,0,NVIDIA RTX A6000,12,normal,128,No,100000,5000,50,100,40,123940,1,1516.863,inf,1511.424,inf,82.002
agg_hg_basis_mfg_n2n_post_fwd_bench,0,NVIDIA RTX A6000,13,normal,128,No,100000,10000,50,100,40,247126,1,2959.075,inf,2953.216,inf,83.680
agg_hg_basis_mfg_n2n_post_fwd_bench,0,NVIDIA RTX A6000,14,normal,128,No,100000,20000,50,100,40,493382,1,5852.276,inf,5847.040,inf,84.381
agg_hg_basis_mfg_n2n_post_fwd_bench,0,NVIDIA RTX A6000,0,power,128,No,2000,100,8,50,10,183,1,19.427,inf,13.312,inf,13.747
agg_hg_basis_mfg_n2n_post_fwd_bench,0,NVIDIA RTX A6000,1,power,128,No,2000,200,8,50,10,373,1,19.697,inf,14.336,inf,26.018
agg_hg_basis_mfg_n2n_post_fwd_bench,0,NVIDIA RTX A6000,2,power,128,No,2000,400,8,50,10,740,1,25.718,inf,21.504,inf,34.412
agg_hg_basis_mfg_n2n_post_fwd_bench,0,NVIDIA RTX A6000,3,power,128,No,4000,200,16,50,20,409,1,28.474,inf,24.576,inf,16.642
agg_hg_basis_mfg_n2n_post_fwd_bench,0,NVIDIA RTX A6000,4,power,128,No,4000,400,16,50,20,811,1,39.815,inf,34.816,inf,23.294
agg_hg_basis_mfg_n2n_post_fwd_bench,0,NVIDIA RTX A6000,5,power,128,No,4000,800,16,50,20,1621,1,56.467,inf,51.200,inf,31.660
agg_hg_basis_mfg_n2n_post_fwd_bench,0,NVIDIA RTX A6000,6,power,128,No,10000,500,31,100,10,1086,1,43.993,inf,39.936,inf,27.194
agg_hg_basis_mfg_n2n_post_fwd_bench,0,NVIDIA RTX A6000,7,power,128,No,10000,500,32,100,10,1089,1,43.933,inf,38.912,inf,27.986
agg_hg_basis_mfg_n2n_post_fwd_bench,0,NVIDIA RTX A6000,8,power,128,No,10000,500,33,100,10,1092,1,44.795,inf,39.936,inf,27.344
agg_hg_basis_mfg_n2n_post_fwd_bench,0,NVIDIA RTX A6000,9,power,128,No,10000,1000,31,100,20,2182,1,78.278,inf,72.704,inf,30.012
agg_hg_basis_mfg_n2n_post_fwd_bench,0,NVIDIA RTX A6000,10,power,128,No,10000,1000,32,100,20,2187,1,77.677,inf,72.704,inf,30.081
agg_hg_basis_mfg_n2n_post_fwd_bench,0,NVIDIA RTX A6000,11,power,128,No,10000,1000,33,100,20,2192,1,79.650,inf,73.728,inf,29.731
agg_hg_basis_mfg_n2n_post_fwd_bench,0,NVIDIA RTX A6000,12,power,128,No,100000,5000,50,100,40,11717,1,430.823,inf,425.984,inf,27.506
agg_hg_basis_mfg_n2n_post_fwd_bench,0,NVIDIA RTX A6000,13,power,128,No,100000,10000,50,100,40,23253,1,765.655,inf,760.832,inf,30.563
agg_hg_basis_mfg_n2n_post_fwd_bench,0,NVIDIA RTX A6000,14,power,128,No,100000,20000,50,100,40,46322,1,1413.928,inf,1405.952,inf,32.947
agg_hg_basis_mfg_n2n_post_bwd_bench,0,NVIDIA RTX A6000,0,uniform,32,No,2000,100,8,50,10,800,1,33.613,inf,28.672,inf,27.902
agg_hg_basis_mfg_n2n_post_bwd_bench,0,NVIDIA RTX A6000,1,uniform,32,No,2000,200,8,50,10,1600,1,41.419,inf,36.864,inf,43.403
agg_hg_basis_mfg_n2n_post_bwd_bench,0,NVIDIA RTX A6000,2,uniform,32,No,2000,400,8,50,10,3200,1,67.017,inf,61.440,inf,52.083
agg_hg_basis_mfg_n2n_post_bwd_bench,0,NVIDIA RTX A6000,3,uniform,32,No,4000,200,16,50,20,3200,1,103.365,inf,98.304,inf,32.552
agg_hg_basis_mfg_n2n_post_bwd_bench,0,NVIDIA RTX A6000,4,uniform,32,No,4000,400,16,50,20,6400,1,194.907,inf,189.440,inf,33.784
agg_hg_basis_mfg_n2n_post_bwd_bench,0,NVIDIA RTX A6000,5,uniform,32,No,4000,800,16,50,20,12800,1,373.645,inf,368.640,inf,34.722
agg_hg_basis_mfg_n2n_post_bwd_bench,0,NVIDIA RTX A6000,6,uniform,32,No,10000,500,31,100,10,15500,1,237.258,inf,232.448,inf,66.682
agg_hg_basis_mfg_n2n_post_bwd_bench,0,NVIDIA RTX A6000,7,uniform,32,No,10000,500,32,100,10,16000,1,242.728,inf,236.544,inf,67.641
agg_hg_basis_mfg_n2n_post_bwd_bench,0,NVIDIA RTX A6000,8,uniform,32,No,10000,500,33,100,10,16500,1,297.301,inf,291.840,inf,56.538
agg_hg_basis_mfg_n2n_post_bwd_bench,0,NVIDIA RTX A6000,9,uniform,32,No,10000,1000,31,100,20,31000,1,827.141,inf,822.272,inf,37.700
agg_hg_basis_mfg_n2n_post_bwd_bench,0,NVIDIA RTX A6000,10,uniform,32,No,10000,1000,32,100,20,32000,1,869.121,inf,864.256,inf,37.026
agg_hg_basis_mfg_n2n_post_bwd_bench,0,NVIDIA RTX A6000,11,uniform,32,No,10000,1000,33,100,20,33000,1,898.346,inf,893.952,inf,36.915
agg_hg_basis_mfg_n2n_post_bwd_bench,0,NVIDIA RTX A6000,12,uniform,32,No,100000,5000,50,100,40,250000,1,12049.161,inf,12042.240,inf,20.760
agg_hg_basis_mfg_n2n_post_bwd_bench,0,NVIDIA RTX A6000,13,uniform,32,No,100000,10000,50,100,40,500000,1,23573.262,inf,23565.311,inf,21.218
agg_hg_basis_mfg_n2n_post_bwd_bench,0,NVIDIA RTX A6000,14,uniform,32,No,100000,20000,50,100,40,1000000,1,47325.221,inf,47318.016,inf,21.134
agg_hg_basis_mfg_n2n_post_bwd_bench,0,NVIDIA RTX A6000,0,normal,32,No,2000,100,8,50,10,345,1,33.353,inf,27.648,inf,12.478
agg_hg_basis_mfg_n2n_post_bwd_bench,0,NVIDIA RTX A6000,1,normal,32,No,2000,200,8,50,10,679,1,33.724,inf,28.672,inf,23.682
agg_hg_basis_mfg_n2n_post_bwd_bench,0,NVIDIA RTX A6000,2,normal,32,No,2000,400,8,50,10,1415,1,51.326,inf,45.056,inf,31.405
agg_hg_basis_mfg_n2n_post_bwd_bench,0,NVIDIA RTX A6000,3,normal,32,No,4000,200,16,50,20,1436,1,83.227,inf,77.824,inf,18.452
agg_hg_basis_mfg_n2n_post_bwd_bench,0,NVIDIA RTX A6000,4,normal,32,No,4000,400,16,50,20,2988,1,119.816,inf,114.688,inf,26.053
agg_hg_basis_mfg_n2n_post_bwd_bench,0,NVIDIA RTX A6000,5,normal,32,No,4000,800,16,50,20,6101,1,197.893,inf,192.512,inf,31.692
agg_hg_basis_mfg_n2n_post_bwd_bench,0,NVIDIA RTX A6000,6,normal,32,No,10000,500,31,100,10,7560,1,145.284,inf,140.288,inf,53.889
agg_hg_basis_mfg_n2n_post_bwd_bench,0,NVIDIA RTX A6000,7,normal,32,No,10000,500,32,100,10,7802,1,147.779,inf,142.336,inf,54.814
agg_hg_basis_mfg_n2n_post_bwd_bench,0,NVIDIA RTX A6000,8,normal,32,No,10000,500,33,100,10,8061,1,152.988,inf,147.456,inf,54.667
agg_hg_basis_mfg_n2n_post_bwd_bench,0,NVIDIA RTX A6000,9,normal,32,No,10000,1000,31,100,20,15135,1,441.674,inf,436.224,inf,34.695
agg_hg_basis_mfg_n2n_post_bwd_bench,0,NVIDIA RTX A6000,10,normal,32,No,10000,1000,32,100,20,15641,1,455.389,inf,450.560,inf,34.715
agg_hg_basis_mfg_n2n_post_bwd_bench,0,NVIDIA RTX A6000,11,normal,32,No,10000,1000,33,100,20,16128,1,472.011,inf,465.920,inf,34.615
agg_hg_basis_mfg_n2n_post_bwd_bench,0,NVIDIA RTX A6000,12,normal,32,No,100000,5000,50,100,40,123940,1,5892.672,inf,5884.928,inf,21.061
agg_hg_basis_mfg_n2n_post_bwd_bench,0,NVIDIA RTX A6000,13,normal,32,No,100000,10000,50,100,40,247126,1,11455.511,inf,11449.344,inf,21.584
agg_hg_basis_mfg_n2n_post_bwd_bench,0,NVIDIA RTX A6000,14,normal,32,No,100000,20000,50,100,40,493382,1,22675.919,inf,22668.287,inf,21.765
agg_hg_basis_mfg_n2n_post_bwd_bench,0,NVIDIA RTX A6000,0,power,32,No,2000,100,8,50,10,183,1,30.007,inf,24.576,inf,7.446
agg_hg_basis_mfg_n2n_post_bwd_bench,0,NVIDIA RTX A6000,1,power,32,No,2000,200,8,50,10,373,1,33.954,inf,28.672,inf,13.009
agg_hg_basis_mfg_n2n_post_bwd_bench,0,NVIDIA RTX A6000,2,power,32,No,2000,400,8,50,10,740,1,45.876,inf,40.960,inf,18.066
agg_hg_basis_mfg_n2n_post_bwd_bench,0,NVIDIA RTX A6000,3,power,32,No,4000,200,16,50,20,409,1,69.982,inf,65.536,inf,6.241
agg_hg_basis_mfg_n2n_post_bwd_bench,0,NVIDIA RTX A6000,4,power,32,No,4000,400,16,50,20,811,1,99.487,inf,94.208,inf,8.609
agg_hg_basis_mfg_n2n_post_bwd_bench,0,NVIDIA RTX A6000,5,power,32,No,4000,800,16,50,20,1621,1,127.911,inf,121.856,inf,13.303
agg_hg_basis_mfg_n2n_post_bwd_bench,0,NVIDIA RTX A6000,6,power,32,No,10000,500,31,100,10,1086,1,85.402,inf,79.872,inf,13.597
agg_hg_basis_mfg_n2n_post_bwd_bench,0,NVIDIA RTX A6000,7,power,32,No,10000,500,32,100,10,1089,1,82.495,inf,77.824,inf,13.993
agg_hg_basis_mfg_n2n_post_bwd_bench,0,NVIDIA RTX A6000,8,power,32,No,10000,500,33,100,10,1092,1,95.080,inf,90.112,inf,12.118
agg_hg_basis_mfg_n2n_post_bwd_bench,0,NVIDIA RTX A6000,9,power,32,No,10000,1000,31,100,20,2182,1,202.993,inf,197.632,inf,11.041
agg_hg_basis_mfg_n2n_post_bwd_bench,0,NVIDIA RTX A6000,10,power,32,No,10000,1000,32,100,20,2187,1,203.564,inf,197.632,inf,11.066
agg_hg_basis_mfg_n2n_post_bwd_bench,0,NVIDIA RTX A6000,11,power,32,No,10000,1000,33,100,20,2192,1,208.614,inf,202.752,inf,10.811
agg_hg_basis_mfg_n2n_post_bwd_bench,0,NVIDIA RTX A6000,12,power,32,No,100000,5000,50,100,40,11717,1,1501.735,inf,1496.128,inf,7.832
agg_hg_basis_mfg_n2n_post_bwd_bench,0,NVIDIA RTX A6000,13,power,32,No,100000,10000,50,100,40,23253,1,2588.075,inf,2581.504,inf,9.008
agg_hg_basis_mfg_n2n_post_bwd_bench,0,NVIDIA RTX A6000,14,power,32,No,100000,20000,50,100,40,46322,1,5039.221,inf,5033.984,inf,9.202
agg_hg_basis_mfg_n2n_post_bwd_bench,0,NVIDIA RTX A6000,0,uniform,64,No,2000,100,8,50,10,800,1,35.316,inf,28.672,inf,27.902
agg_hg_basis_mfg_n2n_post_bwd_bench,0,NVIDIA RTX A6000,1,uniform,64,No,2000,200,8,50,10,1600,1,43.191,inf,37.888,inf,42.230
agg_hg_basis_mfg_n2n_post_bwd_bench,0,NVIDIA RTX A6000,2,uniform,64,No,2000,400,8,50,10,3200,1,70.133,inf,64.544,inf,49.579
agg_hg_basis_mfg_n2n_post_bwd_bench,0,NVIDIA RTX A6000,3,uniform,64,No,4000,200,16,50,20,3200,1,108.976,inf,103.424,inf,30.941
agg_hg_basis_mfg_n2n_post_bwd_bench,0,NVIDIA RTX A6000,4,uniform,64,No,4000,400,16,50,20,6400,1,215.827,inf,210.944,inf,30.340
agg_hg_basis_mfg_n2n_post_bwd_bench,0,NVIDIA RTX A6000,5,uniform,64,No,4000,800,16,50,20,12800,1,417.568,inf,412.672,inf,31.017
agg_hg_basis_mfg_n2n_post_bwd_bench,0,NVIDIA RTX A6000,6,uniform,64,No,10000,500,31,100,10,15500,1,264.239,inf,259.072,inf,59.829
agg_hg_basis_mfg_n2n_post_bwd_bench,0,NVIDIA RTX A6000,7,uniform,64,No,10000,500,32,100,10,16000,1,276.962,inf,270.336,inf,59.186
agg_hg_basis_mfg_n2n_post_bwd_bench,0,NVIDIA RTX A6000,8,uniform,64,No,10000,500,33,100,10,16500,1,293.524,inf,288.768,inf,57.139
agg_hg_basis_mfg_n2n_post_bwd_bench,0,NVIDIA RTX A6000,9,uniform,64,No,10000,1000,31,100,20,31000,1,960.262,inf,954.368,inf,32.482
agg_hg_basis_mfg_n2n_post_bwd_bench,0,NVIDIA RTX A6000,10,uniform,64,No,10000,1000,32,100,20,32000,1,1017.550,inf,1012.736,inf,31.598
agg_hg_basis_mfg_n2n_post_bwd_bench,0,NVIDIA RTX A6000,11,uniform,64,No,10000,1000,33,100,20,33000,1,1012.261,inf,1007.616,inf,32.751
agg_hg_basis_mfg_n2n_post_bwd_bench,0,NVIDIA RTX A6000,12,uniform,64,No,100000,5000,50,100,40,250000,1,14305.199,inf,14298.112,inf,17.485
agg_hg_basis_mfg_n2n_post_bwd_bench,0,NVIDIA RTX A6000,13,uniform,64,No,100000,10000,50,100,40,500000,1,28202.249,inf,28194.817,inf,17.734
agg_hg_basis_mfg_n2n_post_bwd_bench,0,NVIDIA RTX A6000,14,uniform,64,No,100000,20000,50,100,40,1000000,1,56386.143,inf,56377.342,inf,17.738
agg_hg_basis_mfg_n2n_post_bwd_bench,0,NVIDIA RTX A6000,0,normal,64,No,2000,100,8,50,10,345,1,31.259,inf,25.600,inf,13.477
agg_hg_basis_mfg_n2n_post_bwd_bench,0,NVIDIA RTX A6000,1,normal,64,No,2000,200,8,50,10,679,1,33.994,inf,29.696,inf,22.865
agg_hg_basis_mfg_n2n_post_bwd_bench,0,NVIDIA RTX A6000,2,normal,64,No,2000,400,8,50,10,1415,1,52.459,inf,48.128,inf,29.401
agg_hg_basis_mfg_n2n_post_bwd_bench,0,NVIDIA RTX A6000,3,normal,64,No,4000,200,16,50,20,1436,1,84.760,inf,79.872,inf,17.979
agg_hg_basis_mfg_n2n_post_bwd_bench,0,NVIDIA RTX A6000,4,normal,64,No,4000,400,16,50,20,2988,1,125.957,inf,120.832,inf,24.729
agg_hg_basis_mfg_n2n_post_bwd_bench,0,NVIDIA RTX A6000,5,normal,64,No,4000,800,16,50,20,6101,1,205.588,inf,200.704,inf,30.398
agg_hg_basis_mfg_n2n_post_bwd_bench,0,NVIDIA RTX A6000,6,normal,64,No,10000,500,31,100,10,7560,1,150.754,inf,145.408,inf,51.992
agg_hg_basis_mfg_n2n_post_bwd_bench,0,NVIDIA RTX A6000,7,normal,64,No,10000,500,32,100,10,7802,1,151.146,inf,146.432,inf,53.281
agg_hg_basis_mfg_n2n_post_bwd_bench,0,NVIDIA RTX A6000,8,normal,64,No,10000,500,33,100,10,8061,1,152.367,inf,147.456,inf,54.667
agg_hg_basis_mfg_n2n_post_bwd_bench,0,NVIDIA RTX A6000,9,normal,64,No,10000,1000,31,100,20,15135,1,465.809,inf,461.824,inf,32.772
agg_hg_basis_mfg_n2n_post_bwd_bench,0,NVIDIA RTX A6000,10,normal,64,No,10000,1000,32,100,20,15641,1,481.268,inf,477.184,inf,32.778
agg_hg_basis_mfg_n2n_post_bwd_bench,0,NVIDIA RTX A6000,11,normal,64,No,10000,1000,33,100,20,16128,1,519.551,inf,514.048,inf,31.375
agg_hg_basis_mfg_n2n_post_bwd_bench,0,NVIDIA RTX A6000,12,normal,64,No,100000,5000,50,100,40,123940,1,6822.737,inf,6817.792,inf,18.179
agg_hg_basis_mfg_n2n_post_bwd_bench,0,NVIDIA RTX A6000,13,normal,64,No,100000,10000,50,100,40,247126,1,13515.198,inf,13508.608,inf,18.294
agg_hg_basis_mfg_n2n_post_bwd_bench,0,NVIDIA RTX A6000,14,normal,64,No,100000,20000,50,100,40,493382,1,26504.244,inf,26497.025,inf,18.620
agg_hg_basis_mfg_n2n_post_bwd_bench,0,NVIDIA RTX A6000,0,power,64,No,2000,100,8,50,10,183,1,31.299,inf,26.624,inf,6.873
agg_hg_basis_mfg_n2n_post_bwd_bench,0,NVIDIA RTX A6000,1,power,64,No,2000,200,8,50,10,373,1,35.197,inf,29.696,inf,12.561
agg_hg_basis_mfg_n2n_post_bwd_bench,0,NVIDIA RTX A6000,2,power,64,No,2000,400,8,50,10,740,1,48.070,inf,43.008,inf,17.206
agg_hg_basis_mfg_n2n_post_bwd_bench,0,NVIDIA RTX A6000,3,power,64,No,4000,200,16,50,20,409,1,76.454,inf,70.656,inf,5.789
agg_hg_basis_mfg_n2n_post_bwd_bench,0,NVIDIA RTX A6000,4,power,64,No,4000,400,16,50,20,811,1,103.475,inf,97.280,inf,8.337
agg_hg_basis_mfg_n2n_post_bwd_bench,0,NVIDIA RTX A6000,5,power,64,No,4000,800,16,50,20,1621,1,137.930,inf,131.072,inf,12.367
agg_hg_basis_mfg_n2n_post_bwd_bench,0,NVIDIA RTX A6000,6,power,64,No,10000,500,31,100,10,1086,1,88.868,inf,83.968,inf,12.933
agg_hg_basis_mfg_n2n_post_bwd_bench,0,NVIDIA RTX A6000,7,power,64,No,10000,500,32,100,10,1089,1,94.479,inf,89.088,inf,12.224
agg_hg_basis_mfg_n2n_post_bwd_bench,0,NVIDIA RTX A6000,8,power,64,No,10000,500,33,100,10,1092,1,103.756,inf,98.304,inf,11.108
agg_hg_basis_mfg_n2n_post_bwd_bench,0,NVIDIA RTX A6000,9,power,64,No,10000,1000,31,100,20,2182,1,220.346,inf,215.040,inf,10.147
agg_hg_basis_mfg_n2n_post_bwd_bench,0,NVIDIA RTX A6000,10,power,64,No,10000,1000,32,100,20,2187,1,213.343,inf,206.848,inf,10.573
agg_hg_basis_mfg_n2n_post_bwd_bench,0,NVIDIA RTX A6000,11,power,64,No,10000,1000,33,100,20,2192,1,233.491,inf,228.352,inf,9.599
agg_hg_basis_mfg_n2n_post_bwd_bench,0,NVIDIA RTX A6000,12,power,64,No,100000,5000,50,100,40,11717,1,1547.120,inf,1542.144,inf,7.598
agg_hg_basis_mfg_n2n_post_bwd_bench,0,NVIDIA RTX A6000,13,power,64,No,100000,10000,50,100,40,23253,1,2676.352,inf,2670.592,inf,8.707
agg_hg_basis_mfg_n2n_post_bwd_bench,0,NVIDIA RTX A6000,14,power,64,No,100000,20000,50,100,40,46322,1,5157.504,inf,5149.696,inf,8.995
agg_hg_basis_mfg_n2n_post_bwd_bench,0,NVIDIA RTX A6000,0,uniform,128,No,2000,100,8,50,10,800,1,36.799,inf,30.720,inf,26.042
agg_hg_basis_mfg_n2n_post_bwd_bench,0,NVIDIA RTX A6000,1,uniform,128,No,2000,200,8,50,10,1600,1,47.169,inf,41.984,inf,38.110
agg_hg_basis_mfg_n2n_post_bwd_bench,0,NVIDIA RTX A6000,2,uniform,128,No,2000,400,8,50,10,3200,1,79.179,inf,74.752,inf,42.808
agg_hg_basis_mfg_n2n_post_bwd_bench,0,NVIDIA RTX A6000,3,uniform,128,No,4000,200,16,50,20,3200,1,132.831,inf,128.000,inf,25.000
agg_hg_basis_mfg_n2n_post_bwd_bench,0,NVIDIA RTX A6000,4,uniform,128,No,4000,400,16,50,20,6400,1,258.227,inf,253.024,inf,25.294
agg_hg_basis_mfg_n2n_post_bwd_bench,0,NVIDIA RTX A6000,5,uniform,128,No,4000,800,16,50,20,12800,1,510.824,inf,505.856,inf,25.304
agg_hg_basis_mfg_n2n_post_bwd_bench,0,NVIDIA RTX A6000,6,uniform,128,No,10000,500,31,100,10,15500,1,345.452,inf,339.968,inf,45.593
agg_hg_basis_mfg_n2n_post_bwd_bench,0,NVIDIA RTX A6000,7,uniform,128,No,10000,500,32,100,10,16000,1,356.092,inf,351.232,inf,45.554
agg_hg_basis_mfg_n2n_post_bwd_bench,0,NVIDIA RTX A6000,8,uniform,128,No,10000,500,33,100,10,16500,1,377.723,inf,372.736,inf,44.267
agg_hg_basis_mfg_n2n_post_bwd_bench,0,NVIDIA RTX A6000,9,uniform,128,No,10000,1000,31,100,20,31000,1,1223.770,inf,1218.560,inf,25.440
agg_hg_basis_mfg_n2n_post_bwd_bench,0,NVIDIA RTX A6000,10,uniform,128,No,10000,1000,32,100,20,32000,1,1304.803,inf,1300.480,inf,24.606
agg_hg_basis_mfg_n2n_post_bwd_bench,0,NVIDIA RTX A6000,11,uniform,128,No,10000,1000,33,100,20,33000,1,1265.738,inf,1260.544,inf,26.179
agg_hg_basis_mfg_n2n_post_bwd_bench,0,NVIDIA RTX A6000,12,uniform,128,No,100000,5000,50,100,40,250000,1,18830.931,inf,18824.192,inf,13.281
agg_hg_basis_mfg_n2n_post_bwd_bench,0,NVIDIA RTX A6000,13,uniform,128,No,100000,10000,50,100,40,500000,1,37460.713,inf,37452.801,inf,13.350
agg_hg_basis_mfg_n2n_post_bwd_bench,0,NVIDIA RTX A6000,14,uniform,128,No,100000,20000,50,100,40,1000000,1,75196.034,inf,75188.225,inf,13.300
agg_hg_basis_mfg_n2n_post_bwd_bench,0,NVIDIA RTX A6000,0,normal,128,No,2000,100,8,50,10,345,1,31.399,inf,26.624,inf,12.958
agg_hg_basis_mfg_n2n_post_bwd_bench,0,NVIDIA RTX A6000,1,normal,128,No,2000,200,8,50,10,679,1,37.130,inf,30.720,inf,22.103
agg_hg_basis_mfg_n2n_post_bwd_bench,0,NVIDIA RTX A6000,2,normal,128,No,2000,400,8,50,10,1415,1,51.347,inf,46.080,inf,30.707
agg_hg_basis_mfg_n2n_post_bwd_bench,0,NVIDIA RTX A6000,3,normal,128,No,4000,200,16,50,20,1436,1,88.648,inf,82.944,inf,17.313
agg_hg_basis_mfg_n2n_post_bwd_bench,0,NVIDIA RTX A6000,4,normal,128,No,4000,400,16,50,20,2988,1,130.146,inf,124.928,inf,23.918
agg_hg_basis_mfg_n2n_post_bwd_bench,0,NVIDIA RTX A6000,5,normal,128,No,4000,800,16,50,20,6101,1,224.454,inf,218.112,inf,27.972
agg_hg_basis_mfg_n2n_post_bwd_bench,0,NVIDIA RTX A6000,6,normal,128,No,10000,500,31,100,10,7560,1,177.154,inf,172.032,inf,43.945
agg_hg_basis_mfg_n2n_post_bwd_bench,0,NVIDIA RTX A6000,7,normal,128,No,10000,500,32,100,10,7802,1,188.806,inf,184.320,inf,42.329
agg_hg_basis_mfg_n2n_post_bwd_bench,0,NVIDIA RTX A6000,8,normal,128,No,10000,500,33,100,10,8061,1,187.094,inf,181.248,inf,44.475
agg_hg_basis_mfg_n2n_post_bwd_bench,0,NVIDIA RTX A6000,9,normal,128,No,10000,1000,31,100,20,15135,1,570.657,inf,566.272,inf,26.727
agg_hg_basis_mfg_n2n_post_bwd_bench,0,NVIDIA RTX A6000,10,normal,128,No,10000,1000,32,100,20,15641,1,591.897,inf,586.752,inf,26.657
agg_hg_basis_mfg_n2n_post_bwd_bench,0,NVIDIA RTX A6000,11,normal,128,No,10000,1000,33,100,20,16128,1,632.544,inf,626.688,inf,25.735
agg_hg_basis_mfg_n2n_post_bwd_bench,0,NVIDIA RTX A6000,12,normal,128,No,100000,5000,50,100,40,123940,1,9122.247,inf,9115.648,inf,13.596
agg_hg_basis_mfg_n2n_post_bwd_bench,0,NVIDIA RTX A6000,13,normal,128,No,100000,10000,50,100,40,247126,1,18075.385,inf,18068.480,inf,13.677
agg_hg_basis_mfg_n2n_post_bwd_bench,0,NVIDIA RTX A6000,14,normal,128,No,100000,20000,50,100,40,493382,1,35637.592,inf,35630.081,inf,13.847
agg_hg_basis_mfg_n2n_post_bwd_bench,0,NVIDIA RTX A6000,0,power,128,No,2000,100,8,50,10,183,1,33.714,inf,28.672,inf,6.383
agg_hg_basis_mfg_n2n_post_bwd_bench,0,NVIDIA RTX A6000,1,power,128,No,2000,200,8,50,10,373,1,33.794,inf,28.672,inf,13.009
agg_hg_basis_mfg_n2n_post_bwd_bench,0,NVIDIA RTX A6000,2,power,128,No,2000,400,8,50,10,740,1,49.133,inf,44.032,inf,16.806
agg_hg_basis_mfg_n2n_post_bwd_bench,0,NVIDIA RTX A6000,3,power,128,No,4000,200,16,50,20,409,1,74.050,inf,68.608,inf,5.961
agg_hg_basis_mfg_n2n_post_bwd_bench,0,NVIDIA RTX A6000,4,power,128,No,4000,400,16,50,20,811,1,103.966,inf,98.304,inf,8.250
agg_hg_basis_mfg_n2n_post_bwd_bench,0,NVIDIA RTX A6000,5,power,128,No,4000,800,16,50,20,1621,1,134.233,inf,128.000,inf,12.664
agg_hg_basis_mfg_n2n_post_bwd_bench,0,NVIDIA RTX A6000,6,power,128,No,10000,500,31,100,10,1086,1,90.932,inf,86.016,inf,12.626
agg_hg_basis_mfg_n2n_post_bwd_bench,0,NVIDIA RTX A6000,7,power,128,No,10000,500,32,100,10,1089,1,93.176,inf,88.064,inf,12.366
agg_hg_basis_mfg_n2n_post_bwd_bench,0,NVIDIA RTX A6000,8,power,128,No,10000,500,33,100,10,1092,1,107.743,inf,102.400,inf,10.664
agg_hg_basis_mfg_n2n_post_bwd_bench,0,NVIDIA RTX A6000,9,power,128,No,10000,1000,31,100,20,2182,1,219.374,inf,214.016,inf,10.195
agg_hg_basis_mfg_n2n_post_bwd_bench,0,NVIDIA RTX A6000,10,power,128,No,10000,1000,32,100,20,2187,1,214.875,inf,209.920,inf,10.418
agg_hg_basis_mfg_n2n_post_bwd_bench,0,NVIDIA RTX A6000,11,power,128,No,10000,1000,33,100,20,2192,1,229.293,inf,224.256,inf,9.775
agg_hg_basis_mfg_n2n_post_bwd_bench,0,NVIDIA RTX A6000,12,power,128,No,100000,5000,50,100,40,11717,1,1604.599,inf,1600.512,inf,7.321
agg_hg_basis_mfg_n2n_post_bwd_bench,0,NVIDIA RTX A6000,13,power,128,No,100000,10000,50,100,40,23253,1,2726.927,inf,2720.768,inf,8.546
agg_hg_basis_mfg_n2n_post_bwd_bench,0,NVIDIA RTX A6000,14,power,128,No,100000,20000,50,100,40,46322,1,5273.002,inf,5266.432,inf,8.796
