Benchmark,Device,Device Name,params_id,dist,dim_node,num_heads,Skipped,n_nodes,n_edges,Samples,CPU Time (us),Noise,GPU Time (us),Noise.1,Elem/s (elem/us)
mha_simple_fg_n2n_fwd_bench,0,NVIDIA RTX A6000,0,uniform,16,1,No,1000,10000,1,23.565,inf,15.360,inf,651.042
mha_simple_fg_n2n_fwd_bench,0,NVIDIA RTX A6000,1,uniform,16,1,No,1000,20000,1,25.899,inf,20.480,inf,976.563
mha_simple_fg_n2n_fwd_bench,0,NVIDIA RTX A6000,2,uniform,16,1,No,10000,200000,1,92.896,inf,87.040,inf,2297.794
mha_simple_fg_n2n_fwd_bench,0,NVIDIA RTX A6000,3,uniform,16,1,No,10000,400000,1,170.942,inf,165.888,inf,2411.265
mha_simple_fg_n2n_fwd_bench,0,NVIDIA RTX A6000,4,uniform,16,1,No,100000,4000000,1,1704.848,inf,1699.840,inf,2353.163
mha_simple_fg_n2n_fwd_bench,0,NVIDIA RTX A6000,5,uniform,16,1,No,100000,8000000,1,3326.648,inf,3320.832,inf,2409.035
mha_simple_fg_n2n_fwd_bench,0,NVIDIA RTX A6000,0,normal,16,1,No,1000,9646,1,26.239,inf,20.480,inf,470.996
mha_simple_fg_n2n_fwd_bench,0,NVIDIA RTX A6000,1,normal,16,1,No,1000,19754,1,40.496,inf,35.840,inf,551.172
mha_simple_fg_n2n_fwd_bench,0,NVIDIA RTX A6000,2,normal,16,1,No,10000,197527,1,115.077,inf,108.704,inf,1817.109
mha_simple_fg_n2n_fwd_bench,0,NVIDIA RTX A6000,3,normal,16,1,No,10000,399665,1,209.075,inf,203.840,inf,1960.680
mha_simple_fg_n2n_fwd_bench,0,NVIDIA RTX A6000,4,normal,16,1,No,100000,3980302,1,1970.950,inf,1965.056,inf,2025.541
mha_simple_fg_n2n_fwd_bench,0,NVIDIA RTX A6000,5,normal,16,1,No,100000,8006558,1,3954.644,inf,3948.640,inf,2027.675
mha_simple_fg_n2n_fwd_bench,0,NVIDIA RTX A6000,0,power,16,1,No,1000,2055,1,28.985,inf,22.528,inf,91.220
mha_simple_fg_n2n_fwd_bench,0,NVIDIA RTX A6000,1,power,16,1,No,1000,2182,1,39.134,inf,33.792,inf,64.571
mha_simple_fg_n2n_fwd_bench,0,NVIDIA RTX A6000,2,power,16,1,No,10000,22535,1,63.279,inf,57.344,inf,392.979
mha_simple_fg_n2n_fwd_bench,0,NVIDIA RTX A6000,3,power,16,1,No,10000,23634,1,92.976,inf,88.064,inf,268.373
mha_simple_fg_n2n_fwd_bench,0,NVIDIA RTX A6000,4,power,16,1,No,100000,236301,1,333.620,inf,328.704,inf,718.887
mha_simple_fg_n2n_fwd_bench,0,NVIDIA RTX A6000,5,power,16,1,No,100000,243988,1,395.837,inf,391.168,inf,623.742
mha_simple_fg_n2n_fwd_bench,0,NVIDIA RTX A6000,0,uniform,32,1,No,1000,10000,1,19.647,inf,14.336,inf,697.545
mha_simple_fg_n2n_fwd_bench,0,NVIDIA RTX A6000,1,uniform,32,1,No,1000,20000,1,25.508,inf,20.480,inf,976.563
mha_simple_fg_n2n_fwd_bench,0,NVIDIA RTX A6000,2,uniform,32,1,No,10000,200000,1,94.047,inf,89.088,inf,2244.971
mha_simple_fg_n2n_fwd_bench,0,NVIDIA RTX A6000,3,uniform,32,1,No,10000,400000,1,172.535,inf,166.912,inf,2396.472
mha_simple_fg_n2n_fwd_bench,0,NVIDIA RTX A6000,4,uniform,32,1,No,100000,4000000,1,1776.242,inf,1770.496,inf,2259.254
mha_simple_fg_n2n_fwd_bench,0,NVIDIA RTX A6000,5,uniform,32,1,No,100000,8000000,1,3490.949,inf,3484.672,inf,2295.768
mha_simple_fg_n2n_fwd_bench,0,NVIDIA RTX A6000,0,normal,32,1,No,1000,9646,1,27.441,inf,21.504,inf,448.568
mha_simple_fg_n2n_fwd_bench,0,NVIDIA RTX A6000,1,normal,32,1,No,1000,19754,1,41.208,inf,34.816,inf,567.383
mha_simple_fg_n2n_fwd_bench,0,NVIDIA RTX A6000,2,normal,32,1,No,10000,197527,1,116.279,inf,110.592,inf,1786.088
mha_simple_fg_n2n_fwd_bench,0,NVIDIA RTX A6000,3,normal,32,1,No,10000,399665,1,227.019,inf,222.208,inf,1798.608
mha_simple_fg_n2n_fwd_bench,0,NVIDIA RTX A6000,4,normal,32,1,No,100000,3980302,1,2046.854,inf,2041.856,inf,1949.355
mha_simple_fg_n2n_fwd_bench,0,NVIDIA RTX A6000,5,normal,32,1,No,100000,8006558,1,4083.678,inf,4077.728,inf,1963.485
mha_simple_fg_n2n_fwd_bench,0,NVIDIA RTX A6000,0,power,32,1,No,1000,2055,1,28.183,inf,22.528,inf,91.220
mha_simple_fg_n2n_fwd_bench,0,NVIDIA RTX A6000,1,power,32,1,No,1000,2182,1,39.565,inf,33.792,inf,64.571
mha_simple_fg_n2n_fwd_bench,0,NVIDIA RTX A6000,2,power,32,1,No,10000,22535,1,62.448,inf,57.344,inf,392.979
mha_simple_fg_n2n_fwd_bench,0,NVIDIA RTX A6000,3,power,32,1,No,10000,23634,1,94.738,inf,86.080,inf,274.559
mha_simple_fg_n2n_fwd_bench,0,NVIDIA RTX A6000,4,power,32,1,No,100000,236301,1,343.238,inf,337.920,inf,699.281
mha_simple_fg_n2n_fwd_bench,0,NVIDIA RTX A6000,5,power,32,1,No,100000,243988,1,422.177,inf,416.768,inf,585.429
mha_simple_fg_n2n_fwd_bench,0,NVIDIA RTX A6000,0,uniform,64,1,No,1000,10000,1,20.248,inf,14.336,inf,697.545
mha_simple_fg_n2n_fwd_bench,0,NVIDIA RTX A6000,1,uniform,64,1,No,1000,20000,1,25.819,inf,20.480,inf,976.563
mha_simple_fg_n2n_fwd_bench,0,NVIDIA RTX A6000,2,uniform,64,1,No,10000,200000,1,99.798,inf,94.208,inf,2122.962
mha_simple_fg_n2n_fwd_bench,0,NVIDIA RTX A6000,3,uniform,64,1,No,10000,400000,1,180.561,inf,174.080,inf,2297.794
mha_simple_fg_n2n_fwd_bench,0,NVIDIA RTX A6000,4,uniform,64,1,No,100000,4000000,1,2809.693,inf,2803.712,inf,1426.680
mha_simple_fg_n2n_fwd_bench,0,NVIDIA RTX A6000,5,uniform,64,1,No,100000,8000000,1,5744.202,inf,5737.472,inf,1394.342
mha_simple_fg_n2n_fwd_bench,0,NVIDIA RTX A6000,0,normal,64,1,No,1000,9646,1,27.302,inf,22.528,inf,428.178
mha_simple_fg_n2n_fwd_bench,0,NVIDIA RTX A6000,1,normal,64,1,No,1000,19754,1,42.601,inf,37.888,inf,521.379
mha_simple_fg_n2n_fwd_bench,0,NVIDIA RTX A6000,2,normal,64,1,No,10000,197527,1,121.730,inf,115.712,inf,1707.057
mha_simple_fg_n2n_fwd_bench,0,NVIDIA RTX A6000,3,normal,64,1,No,10000,399665,1,221.929,inf,217.120,inf,1840.756
mha_simple_fg_n2n_fwd_bench,0,NVIDIA RTX A6000,4,normal,64,1,No,100000,3980302,1,2978.331,inf,2972.672,inf,1338.964
mha_simple_fg_n2n_fwd_bench,0,NVIDIA RTX A6000,5,normal,64,1,No,100000,8006558,1,6071.190,inf,6064.128,inf,1320.315
mha_simple_fg_n2n_fwd_bench,0,NVIDIA RTX A6000,0,power,64,1,No,1000,2055,1,28.634,inf,23.552,inf,87.254
mha_simple_fg_n2n_fwd_bench,0,NVIDIA RTX A6000,1,power,64,1,No,1000,2182,1,39.063,inf,33.920,inf,64.328
mha_simple_fg_n2n_fwd_bench,0,NVIDIA RTX A6000,2,power,64,1,No,10000,22535,1,67.909,inf,63.488,inf,354.949
mha_simple_fg_n2n_fwd_bench,0,NVIDIA RTX A6000,3,power,64,1,No,10000,23634,1,99.989,inf,94.208,inf,250.870
mha_simple_fg_n2n_fwd_bench,0,NVIDIA RTX A6000,4,power,64,1,No,100000,236301,1,385.647,inf,380.928,inf,620.330
mha_simple_fg_n2n_fwd_bench,0,NVIDIA RTX A6000,5,power,64,1,No,100000,243988,1,460.570,inf,455.680,inf,535.437
mha_simple_fg_n2n_fwd_bench,0,NVIDIA RTX A6000,0,uniform,16,8,No,1000,10000,1,40.266,inf,33.952,inf,294.533
mha_simple_fg_n2n_fwd_bench,0,NVIDIA RTX A6000,1,uniform,16,8,No,1000,20000,1,58.460,inf,53.248,inf,375.601
mha_simple_fg_n2n_fwd_bench,0,NVIDIA RTX A6000,2,uniform,16,8,No,10000,200000,1,422.287,inf,415.744,inf,481.065
mha_simple_fg_n2n_fwd_bench,0,NVIDIA RTX A6000,3,uniform,16,8,No,10000,400000,1,810.209,inf,804.864,inf,496.978
mha_simple_fg_n2n_fwd_bench,0,NVIDIA RTX A6000,4,uniform,16,8,No,100000,4000000,1,9537.452,inf,9530.368,inf,419.711
mha_simple_fg_n2n_fwd_bench,0,NVIDIA RTX A6000,5,uniform,16,8,No,100000,8000000,1,18448.971,inf,18442.240,inf,433.787
mha_simple_fg_n2n_fwd_bench,0,NVIDIA RTX A6000,0,normal,16,8,No,1000,9646,1,43.321,inf,36.864,inf,261.664
mha_simple_fg_n2n_fwd_bench,0,NVIDIA RTX A6000,1,normal,16,8,No,1000,19754,1,66.134,inf,60.544,inf,326.275
mha_simple_fg_n2n_fwd_bench,0,NVIDIA RTX A6000,2,normal,16,8,No,10000,197527,1,435.472,inf,430.080,inf,459.280
mha_simple_fg_n2n_fwd_bench,0,NVIDIA RTX A6000,3,normal,16,8,No,10000,399665,1,829.756,inf,824.320,inf,484.842
mha_simple_fg_n2n_fwd_bench,0,NVIDIA RTX A6000,4,normal,16,8,No,100000,3980302,1,9518.956,inf,9512.960,inf,418.408
mha_simple_fg_n2n_fwd_bench,0,NVIDIA RTX A6000,5,normal,16,8,No,100000,8006558,1,18808.721,inf,18801.664,inf,425.843
mha_simple_fg_n2n_fwd_bench,0,NVIDIA RTX A6000,0,power,16,8,No,1000,2055,1,33.814,inf,27.648,inf,74.327
mha_simple_fg_n2n_fwd_bench,0,NVIDIA RTX A6000,1,power,16,8,No,1000,2182,1,42.991,inf,37.888,inf,57.591
mha_simple_fg_n2n_fwd_bench,0,NVIDIA RTX A6000,2,power,16,8,No,10000,22535,1,147.919,inf,143.360,inf,157.192
mha_simple_fg_n2n_fwd_bench,0,NVIDIA RTX A6000,3,power,16,8,No,10000,23634,1,176.563,inf,171.008,inf,138.204
mha_simple_fg_n2n_fwd_bench,0,NVIDIA RTX A6000,4,power,16,8,No,100000,236301,1,1275.257,inf,1269.760,inf,186.099
mha_simple_fg_n2n_fwd_bench,0,NVIDIA RTX A6000,5,power,16,8,No,100000,243988,1,1328.247,inf,1323.008,inf,184.419
mha_simple_fg_n2n_fwd_bench,0,NVIDIA RTX A6000,0,uniform,32,8,No,1000,10000,1,49.874,inf,44.032,inf,227.108
mha_simple_fg_n2n_fwd_bench,0,NVIDIA RTX A6000,1,uniform,32,8,No,1000,20000,1,79.269,inf,73.728,inf,271.267
mha_simple_fg_n2n_fwd_bench,0,NVIDIA RTX A6000,2,uniform,32,8,No,10000,200000,1,633.175,inf,627.712,inf,318.617
mha_simple_fg_n2n_fwd_bench,0,NVIDIA RTX A6000,3,uniform,32,8,No,10000,400000,1,1201.658,inf,1196.032,inf,334.439
mha_simple_fg_n2n_fwd_bench,0,NVIDIA RTX A6000,4,uniform,32,8,No,100000,4000000,1,13204.473,inf,13198.336,inf,303.069
mha_simple_fg_n2n_fwd_bench,0,NVIDIA RTX A6000,5,uniform,32,8,No,100000,8000000,1,25569.842,inf,25563.135,inf,312.951
mha_simple_fg_n2n_fwd_bench,0,NVIDIA RTX A6000,0,normal,32,8,No,1000,9646,1,58.641,inf,52.224,inf,184.704
mha_simple_fg_n2n_fwd_bench,0,NVIDIA RTX A6000,1,normal,32,8,No,1000,19754,1,95.460,inf,90.112,inf,219.216
mha_simple_fg_n2n_fwd_bench,0,NVIDIA RTX A6000,2,normal,32,8,No,10000,197527,1,657.240,inf,652.288,inf,302.822
mha_simple_fg_n2n_fwd_bench,0,NVIDIA RTX A6000,3,normal,32,8,No,10000,399665,1,1264.026,inf,1258.496,inf,317.574
mha_simple_fg_n2n_fwd_bench,0,NVIDIA RTX A6000,4,normal,32,8,No,100000,3980302,1,13647.931,inf,13640.704,inf,291.796
mha_simple_fg_n2n_fwd_bench,0,NVIDIA RTX A6000,5,normal,32,8,No,100000,8006558,1,26858.925,inf,26851.328,inf,298.181
mha_simple_fg_n2n_fwd_bench,0,NVIDIA RTX A6000,0,power,32,8,No,1000,2055,1,35.507,inf,29.696,inf,69.201
mha_simple_fg_n2n_fwd_bench,0,NVIDIA RTX A6000,1,power,32,8,No,1000,2182,1,46.969,inf,41.984,inf,51.972
mha_simple_fg_n2n_fwd_bench,0,NVIDIA RTX A6000,2,power,32,8,No,10000,22535,1,179.429,inf,174.080,inf,129.452
mha_simple_fg_n2n_fwd_bench,0,NVIDIA RTX A6000,3,power,32,8,No,10000,23634,1,209.666,inf,203.776,inf,115.980
mha_simple_fg_n2n_fwd_bench,0,NVIDIA RTX A6000,4,power,32,8,No,100000,236301,1,1632.361,inf,1627.136,inf,145.225
mha_simple_fg_n2n_fwd_bench,0,NVIDIA RTX A6000,5,power,32,8,No,100000,243988,1,1688.016,inf,1682.432,inf,145.021
mha_simple_fg_n2n_fwd_bench,0,NVIDIA RTX A6000,0,uniform,64,8,No,1000,10000,1,48.501,inf,44.032,inf,227.108
mha_simple_fg_n2n_fwd_bench,0,NVIDIA RTX A6000,1,uniform,64,8,No,1000,20000,1,78.228,inf,71.680,inf,279.018
mha_simple_fg_n2n_fwd_bench,0,NVIDIA RTX A6000,2,uniform,64,8,No,10000,200000,1,632.954,inf,627.712,inf,318.617
mha_simple_fg_n2n_fwd_bench,0,NVIDIA RTX A6000,3,uniform,64,8,No,10000,400000,1,1213.660,inf,1208.320,inf,331.038
mha_simple_fg_n2n_fwd_bench,0,NVIDIA RTX A6000,4,uniform,64,8,No,100000,4000000,1,13761.775,inf,13754.368,inf,290.817
mha_simple_fg_n2n_fwd_bench,0,NVIDIA RTX A6000,5,uniform,64,8,No,100000,8000000,1,26854.657,inf,26847.233,inf,297.982
mha_simple_fg_n2n_fwd_bench,0,NVIDIA RTX A6000,0,normal,64,8,No,1000,9646,1,59.883,inf,54.272,inf,177.734
mha_simple_fg_n2n_fwd_bench,0,NVIDIA RTX A6000,1,normal,64,8,No,1000,19754,1,90.922,inf,84.992,inf,232.422
mha_simple_fg_n2n_fwd_bench,0,NVIDIA RTX A6000,2,normal,64,8,No,10000,197527,1,680.895,inf,674.816,inf,292.712
mha_simple_fg_n2n_fwd_bench,0,NVIDIA RTX A6000,3,normal,64,8,No,10000,399665,1,1316.014,inf,1309.696,inf,305.159
mha_simple_fg_n2n_fwd_bench,0,NVIDIA RTX A6000,4,normal,64,8,No,100000,3980302,1,14276.375,inf,14270.464,inf,278.919
mha_simple_fg_n2n_fwd_bench,0,NVIDIA RTX A6000,5,normal,64,8,No,100000,8006558,1,27904.999,inf,27897.793,inf,286.996
mha_simple_fg_n2n_fwd_bench,0,NVIDIA RTX A6000,0,power,64,8,No,1000,2055,1,37.411,inf,30.720,inf,66.895
mha_simple_fg_n2n_fwd_bench,0,NVIDIA RTX A6000,1,power,64,8,No,1000,2182,1,47.049,inf,40.960,inf,53.271
mha_simple_fg_n2n_fwd_bench,0,NVIDIA RTX A6000,2,power,64,8,No,10000,22535,1,188.766,inf,183.296,inf,122.943
mha_simple_fg_n2n_fwd_bench,0,NVIDIA RTX A6000,3,power,64,8,No,10000,23634,1,222.851,inf,217.088,inf,108.868
mha_simple_fg_n2n_fwd_bench,0,NVIDIA RTX A6000,4,power,64,8,No,100000,236301,1,1684.269,inf,1677.312,inf,140.881
mha_simple_fg_n2n_fwd_bench,0,NVIDIA RTX A6000,5,power,64,8,No,100000,243988,1,1742.779,inf,1736.704,inf,140.489
mha_simple_fg_n2n_fwd_bench,0,NVIDIA RTX A6000,0,uniform,16,16,No,1000,10000,1,58.821,inf,53.248,inf,187.800
mha_simple_fg_n2n_fwd_bench,0,NVIDIA RTX A6000,1,uniform,16,16,No,1000,20000,1,89.349,inf,83.968,inf,238.186
mha_simple_fg_n2n_fwd_bench,0,NVIDIA RTX A6000,2,uniform,16,16,No,10000,200000,1,676.818,inf,671.744,inf,297.732
mha_simple_fg_n2n_fwd_bench,0,NVIDIA RTX A6000,3,uniform,16,16,No,10000,400000,1,1273.253,inf,1267.712,inf,315.529
mha_simple_fg_n2n_fwd_bench,0,NVIDIA RTX A6000,4,uniform,16,16,No,100000,4000000,1,17095.747,inf,17088.512,inf,234.075
mha_simple_fg_n2n_fwd_bench,0,NVIDIA RTX A6000,5,uniform,16,16,No,100000,8000000,1,33505.981,inf,33499.138,inf,238.812
mha_simple_fg_n2n_fwd_bench,0,NVIDIA RTX A6000,0,normal,16,16,No,1000,9646,1,63.079,inf,57.344,inf,168.213
mha_simple_fg_n2n_fwd_bench,0,NVIDIA RTX A6000,1,normal,16,16,No,1000,19754,1,99.758,inf,94.272,inf,209.543
mha_simple_fg_n2n_fwd_bench,0,NVIDIA RTX A6000,2,normal,16,16,No,10000,197527,1,698.048,inf,693.248,inf,284.930
mha_simple_fg_n2n_fwd_bench,0,NVIDIA RTX A6000,3,normal,16,16,No,10000,399665,1,1298.771,inf,1294.336,inf,308.780
mha_simple_fg_n2n_fwd_bench,0,NVIDIA RTX A6000,4,normal,16,16,No,100000,3980302,1,17165.229,inf,17159.168,inf,231.964
mha_simple_fg_n2n_fwd_bench,0,NVIDIA RTX A6000,5,normal,16,16,No,100000,8006558,1,34507.902,inf,34500.607,inf,232.070
mha_simple_fg_n2n_fwd_bench,0,NVIDIA RTX A6000,0,power,16,16,No,1000,2055,1,49.093,inf,41.984,inf,48.947
mha_simple_fg_n2n_fwd_bench,0,NVIDIA RTX A6000,1,power,16,16,No,1000,2182,1,66.816,inf,61.440,inf,35.514
mha_simple_fg_n2n_fwd_bench,0,NVIDIA RTX A6000,2,power,16,16,No,10000,22535,1,242.858,inf,236.544,inf,95.268
mha_simple_fg_n2n_fwd_bench,0,NVIDIA RTX A6000,3,power,16,16,No,10000,23634,1,288.925,inf,283.648,inf,83.322
mha_simple_fg_n2n_fwd_bench,0,NVIDIA RTX A6000,4,power,16,16,No,100000,236301,1,2172.280,inf,2166.784,inf,109.056
mha_simple_fg_n2n_fwd_bench,0,NVIDIA RTX A6000,5,power,16,16,No,100000,243988,1,2264.785,inf,2258.944,inf,108.010
mha_simple_fg_n2n_fwd_bench,0,NVIDIA RTX A6000,0,uniform,32,16,No,1000,10000,1,65.253,inf,59.392,inf,168.373
mha_simple_fg_n2n_fwd_bench,0,NVIDIA RTX A6000,1,uniform,32,16,No,1000,20000,1,106.371,inf,101.376,inf,197.285
mha_simple_fg_n2n_fwd_bench,0,NVIDIA RTX A6000,2,uniform,32,16,No,10000,200000,1,837.221,inf,832.512,inf,240.237
mha_simple_fg_n2n_fwd_bench,0,NVIDIA RTX A6000,3,uniform,32,16,No,10000,400000,1,1604.448,inf,1598.464,inf,250.240
mha_simple_fg_n2n_fwd_bench,0,NVIDIA RTX A6000,4,uniform,32,16,No,100000,4000000,1,19137.591,inf,19131.392,inf,209.080
mha_simple_fg_n2n_fwd_bench,0,NVIDIA RTX A6000,5,uniform,32,16,No,100000,8000000,1,37588.907,inf,37581.856,inf,212.869
mha_simple_fg_n2n_fwd_bench,0,NVIDIA RTX A6000,0,normal,32,16,No,1000,9646,1,71.746,inf,66.560,inf,144.922
mha_simple_fg_n2n_fwd_bench,0,NVIDIA RTX A6000,1,normal,32,16,No,1000,19754,1,120.638,inf,115.712,inf,170.717
mha_simple_fg_n2n_fwd_bench,0,NVIDIA RTX A6000,2,normal,32,16,No,10000,197527,1,872.006,inf,866.368,inf,227.994
mha_simple_fg_n2n_fwd_bench,0,NVIDIA RTX A6000,3,normal,32,16,No,10000,399665,1,1666.435,inf,1660.928,inf,240.628
mha_simple_fg_n2n_fwd_bench,0,NVIDIA RTX A6000,4,normal,32,16,No,100000,3980302,1,19242.358,inf,19234.816,inf,206.932
mha_simple_fg_n2n_fwd_bench,0,NVIDIA RTX A6000,5,normal,32,16,No,100000,8006558,1,39076.304,inf,39069.695,inf,204.930
mha_simple_fg_n2n_fwd_bench,0,NVIDIA RTX A6000,0,power,32,16,No,1000,2055,1,55.215,inf,49.152,inf,41.809
mha_simple_fg_n2n_fwd_bench,0,NVIDIA RTX A6000,1,power,32,16,No,1000,2182,1,74.130,inf,67.584,inf,32.286
mha_simple_fg_n2n_fwd_bench,0,NVIDIA RTX A6000,2,power,32,16,No,10000,22535,1,266.093,inf,261.120,inf,86.301
mha_simple_fg_n2n_fwd_bench,0,NVIDIA RTX A6000,3,power,32,16,No,10000,23634,1,324.663,inf,319.488,inf,73.975
mha_simple_fg_n2n_fwd_bench,0,NVIDIA RTX A6000,4,power,32,16,No,100000,236301,1,2321.371,inf,2316.288,inf,102.017
mha_simple_fg_n2n_fwd_bench,0,NVIDIA RTX A6000,5,power,32,16,No,100000,243988,1,2442.179,inf,2436.096,inf,100.155
mha_simple_fg_n2n_fwd_bench,0,NVIDIA RTX A6000,0,uniform,64,16,No,1000,10000,1,84.098,inf,78.848,inf,126.826
mha_simple_fg_n2n_fwd_bench,0,NVIDIA RTX A6000,1,uniform,64,16,No,1000,20000,1,142.909,inf,137.152,inf,145.824
mha_simple_fg_n2n_fwd_bench,0,NVIDIA RTX A6000,2,uniform,64,16,No,10000,200000,1,1255.199,inf,1250.304,inf,159.961
mha_simple_fg_n2n_fwd_bench,0,NVIDIA RTX A6000,3,uniform,64,16,No,10000,400000,1,2437.771,inf,2432.000,inf,164.474
mha_simple_fg_n2n_fwd_bench,0,NVIDIA RTX A6000,4,uniform,64,16,No,100000,4000000,1,26844.377,inf,26836.992,inf,149.048
mha_simple_fg_n2n_fwd_bench,0,NVIDIA RTX A6000,5,uniform,64,16,No,100000,8000000,1,53823.217,inf,53817.345,inf,148.651
mha_simple_fg_n2n_fwd_bench,0,NVIDIA RTX A6000,0,normal,64,16,No,1000,9646,1,100.309,inf,94.240,inf,102.356
mha_simple_fg_n2n_fwd_bench,0,NVIDIA RTX A6000,1,normal,64,16,No,1000,19754,1,174.159,inf,168.960,inf,116.915
mha_simple_fg_n2n_fwd_bench,0,NVIDIA RTX A6000,2,normal,64,16,No,10000,197527,1,1314.492,inf,1309.696,inf,150.819
mha_simple_fg_n2n_fwd_bench,0,NVIDIA RTX A6000,3,normal,64,16,No,10000,399665,1,2520.408,inf,2515.968,inf,158.851
mha_simple_fg_n2n_fwd_bench,0,NVIDIA RTX A6000,4,normal,64,16,No,100000,3980302,1,27112.302,inf,27104.256,inf,146.852
mha_simple_fg_n2n_fwd_bench,0,NVIDIA RTX A6000,5,normal,64,16,No,100000,8006558,1,54814.209,inf,54807.552,inf,146.085
mha_simple_fg_n2n_fwd_bench,0,NVIDIA RTX A6000,0,power,64,16,No,1000,2055,1,60.054,inf,55.296,inf,37.164
mha_simple_fg_n2n_fwd_bench,0,NVIDIA RTX A6000,1,power,64,16,No,1000,2182,1,81.403,inf,73.728,inf,29.595
mha_simple_fg_n2n_fwd_bench,0,NVIDIA RTX A6000,2,power,64,16,No,10000,22535,1,330.845,inf,326.656,inf,68.987
mha_simple_fg_n2n_fwd_bench,0,NVIDIA RTX A6000,3,power,64,16,No,10000,23634,1,400.556,inf,395.264,inf,59.793
mha_simple_fg_n2n_fwd_bench,0,NVIDIA RTX A6000,4,power,64,16,No,100000,236301,1,3002.798,inf,2997.248,inf,78.839
mha_simple_fg_n2n_fwd_bench,0,NVIDIA RTX A6000,5,power,64,16,No,100000,243988,1,3115.721,inf,3108.864,inf,78.481
mha_simple_fg_n2n_bwd_bench,0,NVIDIA RTX A6000,0,uniform,16,1,No,1000,10000,1,34.665,inf,29.696,inf,336.746
mha_simple_fg_n2n_bwd_bench,0,NVIDIA RTX A6000,1,uniform,16,1,No,1000,20000,1,39.254,inf,33.792,inf,591.856
mha_simple_fg_n2n_bwd_bench,0,NVIDIA RTX A6000,2,uniform,16,1,No,10000,200000,1,155.724,inf,150.528,inf,1328.656
mha_simple_fg_n2n_bwd_bench,0,NVIDIA RTX A6000,3,uniform,16,1,No,10000,400000,1,435.863,inf,284.672,inf,1405.126
mha_simple_fg_n2n_bwd_bench,0,NVIDIA RTX A6000,4,uniform,16,1,No,100000,4000000,1,3802.568,inf,3795.968,inf,1053.750
mha_simple_fg_n2n_bwd_bench,0,NVIDIA RTX A6000,5,uniform,16,1,No,100000,8000000,1,6722.168,inf,6715.392,inf,1191.293
mha_simple_fg_n2n_bwd_bench,0,NVIDIA RTX A6000,0,normal,16,1,No,1000,9646,1,39.284,inf,33.792,inf,285.452
mha_simple_fg_n2n_bwd_bench,0,NVIDIA RTX A6000,1,normal,16,1,No,1000,19754,1,64.342,inf,58.368,inf,338.439
mha_simple_fg_n2n_bwd_bench,0,NVIDIA RTX A6000,2,normal,16,1,No,10000,197527,1,181.313,inf,176.128,inf,1121.497
mha_simple_fg_n2n_bwd_bench,0,NVIDIA RTX A6000,3,normal,16,1,No,10000,399665,1,345.041,inf,339.968,inf,1175.596
mha_simple_fg_n2n_bwd_bench,0,NVIDIA RTX A6000,4,normal,16,1,No,100000,3980302,1,3745.148,inf,3739.648,inf,1064.352
mha_simple_fg_n2n_bwd_bench,0,NVIDIA RTX A6000,5,normal,16,1,No,100000,8006558,1,7612.398,inf,7607.296,inf,1052.484
mha_simple_fg_n2n_bwd_bench,0,NVIDIA RTX A6000,0,power,16,1,No,1000,2055,1,38.212,inf,33.792,inf,60.813
mha_simple_fg_n2n_bwd_bench,0,NVIDIA RTX A6000,1,power,16,1,No,1000,2182,1,53.682,inf,48.128,inf,45.337
mha_simple_fg_n2n_bwd_bench,0,NVIDIA RTX A6000,2,power,16,1,No,10000,22535,1,94.549,inf,89.088,inf,252.952
mha_simple_fg_n2n_bwd_bench,0,NVIDIA RTX A6000,3,power,16,1,No,10000,23634,1,129.595,inf,123.904,inf,190.744
mha_simple_fg_n2n_bwd_bench,0,NVIDIA RTX A6000,4,power,16,1,No,100000,236301,1,536.683,inf,531.456,inf,444.629
mha_simple_fg_n2n_bwd_bench,0,NVIDIA RTX A6000,5,power,16,1,No,100000,243988,1,639.998,inf,634.880,inf,384.306
mha_simple_fg_n2n_bwd_bench,0,NVIDIA RTX A6000,0,uniform,32,1,No,1000,10000,1,35.257,inf,30.592,inf,326.883
mha_simple_fg_n2n_bwd_bench,0,NVIDIA RTX A6000,1,uniform,32,1,No,1000,20000,1,41.398,inf,35.840,inf,558.036
mha_simple_fg_n2n_bwd_bench,0,NVIDIA RTX A6000,2,uniform,32,1,No,10000,200000,1,166.134,inf,161.792,inf,1236.155
mha_simple_fg_n2n_bwd_bench,0,NVIDIA RTX A6000,3,uniform,32,1,No,10000,400000,1,321.296,inf,315.392,inf,1268.263
mha_simple_fg_n2n_bwd_bench,0,NVIDIA RTX A6000,4,uniform,32,1,No,100000,4000000,1,5134.361,inf,5129.216,inf,779.846
mha_simple_fg_n2n_bwd_bench,0,NVIDIA RTX A6000,5,uniform,32,1,No,100000,8000000,1,10122.977,inf,10117.120,inf,790.739
mha_simple_fg_n2n_bwd_bench,0,NVIDIA RTX A6000,0,normal,32,1,No,1000,9646,1,39.795,inf,34.816,inf,277.057
mha_simple_fg_n2n_bwd_bench,0,NVIDIA RTX A6000,1,normal,32,1,No,1000,19754,1,65.493,inf,60.480,inf,326.620
mha_simple_fg_n2n_bwd_bench,0,NVIDIA RTX A6000,2,normal,32,1,No,10000,197527,1,193.685,inf,188.416,inf,1048.356
mha_simple_fg_n2n_bwd_bench,0,NVIDIA RTX A6000,3,normal,32,1,No,10000,399665,1,371.491,inf,365.568,inf,1093.271
mha_simple_fg_n2n_bwd_bench,0,NVIDIA RTX A6000,4,normal,32,1,No,100000,3980302,1,5208.130,inf,5200.736,inf,765.334
mha_simple_fg_n2n_bwd_bench,0,NVIDIA RTX A6000,5,normal,32,1,No,100000,8006558,1,10382.617,inf,10376.192,inf,771.628
mha_simple_fg_n2n_bwd_bench,0,NVIDIA RTX A6000,0,power,32,1,No,1000,2055,1,43.783,inf,37.888,inf,54.239
mha_simple_fg_n2n_bwd_bench,0,NVIDIA RTX A6000,1,power,32,1,No,1000,2182,1,54.914,inf,49.152,inf,44.393
mha_simple_fg_n2n_bwd_bench,0,NVIDIA RTX A6000,2,power,32,1,No,10000,22535,1,99.208,inf,94.208,inf,239.205
mha_simple_fg_n2n_bwd_bench,0,NVIDIA RTX A6000,3,power,32,1,No,10000,23634,1,141.387,inf,136.192,inf,173.534
mha_simple_fg_n2n_bwd_bench,0,NVIDIA RTX A6000,4,power,32,1,No,100000,236301,1,598.921,inf,593.920,inf,397.867
mha_simple_fg_n2n_bwd_bench,0,NVIDIA RTX A6000,5,power,32,1,No,100000,243988,1,719.228,inf,713.728,inf,341.850
mha_simple_fg_n2n_bwd_bench,0,NVIDIA RTX A6000,0,uniform,64,1,No,1000,10000,1,36.459,inf,30.720,inf,325.521
mha_simple_fg_n2n_bwd_bench,0,NVIDIA RTX A6000,1,uniform,64,1,No,1000,20000,1,53.511,inf,48.128,inf,415.558
mha_simple_fg_n2n_bwd_bench,0,NVIDIA RTX A6000,2,uniform,64,1,No,10000,200000,1,338.819,inf,333.824,inf,599.118
mha_simple_fg_n2n_bwd_bench,0,NVIDIA RTX A6000,3,uniform,64,1,No,10000,400000,1,649.195,inf,643.072,inf,622.014
mha_simple_fg_n2n_bwd_bench,0,NVIDIA RTX A6000,4,uniform,64,1,No,100000,4000000,1,9746.115,inf,9740.288,inf,410.665
mha_simple_fg_n2n_bwd_bench,0,NVIDIA RTX A6000,5,uniform,64,1,No,100000,8000000,1,19369.449,inf,19361.792,inf,413.185
mha_simple_fg_n2n_bwd_bench,0,NVIDIA RTX A6000,0,normal,64,1,No,1000,9646,1,47.570,inf,40.960,inf,235.498
mha_simple_fg_n2n_bwd_bench,0,NVIDIA RTX A6000,1,normal,64,1,No,1000,19754,1,67.537,inf,62.464,inf,316.246
mha_simple_fg_n2n_bwd_bench,0,NVIDIA RTX A6000,2,normal,64,1,No,10000,197527,1,373.435,inf,368.640,inf,535.826
mha_simple_fg_n2n_bwd_bench,0,NVIDIA RTX A6000,3,normal,64,1,No,10000,399665,1,707.455,inf,702.464,inf,568.947
mha_simple_fg_n2n_bwd_bench,0,NVIDIA RTX A6000,4,normal,64,1,No,100000,3980302,1,9818.953,inf,9811.968,inf,405.658
mha_simple_fg_n2n_bwd_bench,0,NVIDIA RTX A6000,5,normal,64,1,No,100000,8006558,1,19500.827,inf,19492.865,inf,410.743
mha_simple_fg_n2n_bwd_bench,0,NVIDIA RTX A6000,0,power,64,1,No,1000,2055,1,41.408,inf,35.840,inf,57.338
mha_simple_fg_n2n_bwd_bench,0,NVIDIA RTX A6000,1,power,64,1,No,1000,2182,1,60.795,inf,55.296,inf,39.460
mha_simple_fg_n2n_bwd_bench,0,NVIDIA RTX A6000,2,power,64,1,No,10000,22535,1,127.090,inf,122.880,inf,183.390
mha_simple_fg_n2n_bwd_bench,0,NVIDIA RTX A6000,3,power,64,1,No,10000,23634,1,179.418,inf,174.080,inf,135.765
mha_simple_fg_n2n_bwd_bench,0,NVIDIA RTX A6000,4,power,64,1,No,100000,236301,1,953.810,inf,948.224,inf,249.204
mha_simple_fg_n2n_bwd_bench,0,NVIDIA RTX A6000,5,power,64,1,No,100000,243988,1,1082.043,inf,1076.224,inf,226.707
mha_simple_fg_n2n_bwd_bench,0,NVIDIA RTX A6000,0,uniform,16,8,No,1000,10000,1,59.252,inf,54.272,inf,184.257
mha_simple_fg_n2n_bwd_bench,0,NVIDIA RTX A6000,1,uniform,16,8,No,1000,20000,1,89.549,inf,84.992,inf,235.316
mha_simple_fg_n2n_bwd_bench,0,NVIDIA RTX A6000,2,uniform,16,8,No,10000,200000,1,689.301,inf,684.032,inf,292.384
mha_simple_fg_n2n_bwd_bench,0,NVIDIA RTX A6000,3,uniform,16,8,No,10000,400000,1,1391.356,inf,1386.496,inf,288.497
mha_simple_fg_n2n_bwd_bench,0,NVIDIA RTX A6000,4,uniform,16,8,No,100000,4000000,1,16099.938,inf,16094.208,inf,248.537
mha_simple_fg_n2n_bwd_bench,0,NVIDIA RTX A6000,5,uniform,16,8,No,100000,8000000,1,32607.626,inf,32599.041,inf,245.406
mha_simple_fg_n2n_bwd_bench,0,NVIDIA RTX A6000,0,normal,16,8,No,1000,9646,1,70.684,inf,64.512,inf,149.523
mha_simple_fg_n2n_bwd_bench,0,NVIDIA RTX A6000,1,normal,16,8,No,1000,19754,1,109.717,inf,104.448,inf,189.128
mha_simple_fg_n2n_bwd_bench,0,NVIDIA RTX A6000,2,normal,16,8,No,10000,197527,1,737.793,inf,732.160,inf,269.787
mha_simple_fg_n2n_bwd_bench,0,NVIDIA RTX A6000,3,normal,16,8,No,10000,399665,1,1444.225,inf,1439.744,inf,277.594
mha_simple_fg_n2n_bwd_bench,0,NVIDIA RTX A6000,4,normal,16,8,No,100000,3980302,1,16141.727,inf,16134.272,inf,246.699
mha_simple_fg_n2n_bwd_bench,0,NVIDIA RTX A6000,5,normal,16,8,No,100000,8006558,1,34826.783,inf,34820.095,inf,229.941
mha_simple_fg_n2n_bwd_bench,0,NVIDIA RTX A6000,0,power,16,8,No,1000,2055,1,49.493,inf,44.032,inf,46.671
mha_simple_fg_n2n_bwd_bench,0,NVIDIA RTX A6000,1,power,16,8,No,1000,2182,1,65.925,inf,60.416,inf,36.116
mha_simple_fg_n2n_bwd_bench,0,NVIDIA RTX A6000,2,power,16,8,No,10000,22535,1,211.590,inf,206.848,inf,108.945
mha_simple_fg_n2n_bwd_bench,0,NVIDIA RTX A6000,3,power,16,8,No,10000,23634,1,252.046,inf,246.784,inf,95.768
mha_simple_fg_n2n_bwd_bench,0,NVIDIA RTX A6000,4,power,16,8,No,100000,236301,1,1946.234,inf,1939.584,inf,121.831
mha_simple_fg_n2n_bwd_bench,0,NVIDIA RTX A6000,5,power,16,8,No,100000,243988,1,1997.530,inf,1992.704,inf,122.441
mha_simple_fg_n2n_bwd_bench,0,NVIDIA RTX A6000,0,uniform,32,8,No,1000,10000,1,79.080,inf,73.728,inf,135.634
mha_simple_fg_n2n_bwd_bench,0,NVIDIA RTX A6000,1,uniform,32,8,No,1000,20000,1,122.090,inf,116.736,inf,171.327
mha_simple_fg_n2n_bwd_bench,0,NVIDIA RTX A6000,2,uniform,32,8,No,10000,200000,1,1024.364,inf,1018.880,inf,196.294
mha_simple_fg_n2n_bwd_bench,0,NVIDIA RTX A6000,3,uniform,32,8,No,10000,400000,1,2072.482,inf,2067.456,inf,193.474
mha_simple_fg_n2n_bwd_bench,0,NVIDIA RTX A6000,4,uniform,32,8,No,100000,4000000,1,20947.618,inf,20940.800,inf,191.015
mha_simple_fg_n2n_bwd_bench,0,NVIDIA RTX A6000,5,uniform,32,8,No,100000,8000000,1,45890.245,inf,45881.344,inf,174.363
mha_simple_fg_n2n_bwd_bench,0,NVIDIA RTX A6000,0,normal,32,8,No,1000,9646,1,87.234,inf,80.896,inf,119.240
mha_simple_fg_n2n_bwd_bench,0,NVIDIA RTX A6000,1,normal,32,8,No,1000,19754,1,153.169,inf,147.456,inf,133.965
mha_simple_fg_n2n_bwd_bench,0,NVIDIA RTX A6000,2,normal,32,8,No,10000,197527,1,1068.025,inf,1062.912,inf,185.836
mha_simple_fg_n2n_bwd_bench,0,NVIDIA RTX A6000,3,normal,32,8,No,10000,399665,1,2175.115,inf,2168.832,inf,184.277
mha_simple_fg_n2n_bwd_bench,0,NVIDIA RTX A6000,4,normal,32,8,No,100000,3980302,1,21294.111,inf,21286.913,inf,186.984
mha_simple_fg_n2n_bwd_bench,0,NVIDIA RTX A6000,5,normal,32,8,No,100000,8006558,1,46814.019,inf,46806.015,inf,171.058
mha_simple_fg_n2n_bwd_bench,0,NVIDIA RTX A6000,0,power,32,8,No,1000,2055,1,57.909,inf,52.224,inf,39.350
mha_simple_fg_n2n_bwd_bench,0,NVIDIA RTX A6000,1,power,32,8,No,1000,2182,1,68.159,inf,62.464,inf,34.932
mha_simple_fg_n2n_bwd_bench,0,NVIDIA RTX A6000,2,power,32,8,No,10000,22535,1,252.787,inf,247.808,inf,90.937
mha_simple_fg_n2n_bwd_bench,0,NVIDIA RTX A6000,3,power,32,8,No,10000,23634,1,296.981,inf,290.816,inf,81.268
mha_simple_fg_n2n_bwd_bench,0,NVIDIA RTX A6000,4,power,32,8,No,100000,236301,1,2223.447,inf,2215.936,inf,106.637
mha_simple_fg_n2n_bwd_bench,0,NVIDIA RTX A6000,5,power,32,8,No,100000,243988,1,2288.920,inf,2283.520,inf,106.847
mha_simple_fg_n2n_bwd_bench,0,NVIDIA RTX A6000,0,uniform,64,8,No,1000,10000,1,74.802,inf,70.656,inf,141.531
mha_simple_fg_n2n_bwd_bench,0,NVIDIA RTX A6000,1,uniform,64,8,No,1000,20000,1,128.713,inf,122.880,inf,162.760
mha_simple_fg_n2n_bwd_bench,0,NVIDIA RTX A6000,2,uniform,64,8,No,10000,200000,1,1054.250,inf,1049.600,inf,190.549
mha_simple_fg_n2n_bwd_bench,0,NVIDIA RTX A6000,3,uniform,64,8,No,10000,400000,1,2130.662,inf,2125.824,inf,188.162
mha_simple_fg_n2n_bwd_bench,0,NVIDIA RTX A6000,4,uniform,64,8,No,100000,4000000,1,22169.874,inf,22162.432,inf,180.486
mha_simple_fg_n2n_bwd_bench,0,NVIDIA RTX A6000,5,uniform,64,8,No,100000,8000000,1,48023.031,inf,48015.362,inf,166.613
mha_simple_fg_n2n_bwd_bench,0,NVIDIA RTX A6000,0,normal,64,8,No,1000,9646,1,93.506,inf,88.064,inf,109.534
mha_simple_fg_n2n_bwd_bench,0,NVIDIA RTX A6000,1,normal,64,8,No,1000,19754,1,144.183,inf,139.264,inf,141.846
mha_simple_fg_n2n_bwd_bench,0,NVIDIA RTX A6000,2,normal,64,8,No,10000,197527,1,1134.542,inf,1129.472,inf,174.884
mha_simple_fg_n2n_bwd_bench,0,NVIDIA RTX A6000,3,normal,64,8,No,10000,399665,1,2202.177,inf,2197.504,inf,181.872
mha_simple_fg_n2n_bwd_bench,0,NVIDIA RTX A6000,4,normal,64,8,No,100000,3980302,1,22552.607,inf,22545.408,inf,176.546
mha_simple_fg_n2n_bwd_bench,0,NVIDIA RTX A6000,5,normal,64,8,No,100000,8006558,1,50357.968,inf,50350.079,inf,159.018
mha_simple_fg_n2n_bwd_bench,0,NVIDIA RTX A6000,0,power,64,8,No,1000,2055,1,58.340,inf,52.224,inf,39.350
mha_simple_fg_n2n_bwd_bench,0,NVIDIA RTX A6000,1,power,64,8,No,1000,2182,1,69.091,inf,63.488,inf,34.369
mha_simple_fg_n2n_bwd_bench,0,NVIDIA RTX A6000,2,power,64,8,No,10000,22535,1,267.445,inf,262.144,inf,85.964
mha_simple_fg_n2n_bwd_bench,0,NVIDIA RTX A6000,3,power,64,8,No,10000,23634,1,326.556,inf,320.512,inf,73.738
mha_simple_fg_n2n_bwd_bench,0,NVIDIA RTX A6000,4,power,64,8,No,100000,236301,1,2369.963,inf,2364.416,inf,99.941
mha_simple_fg_n2n_bwd_bench,0,NVIDIA RTX A6000,5,power,64,8,No,100000,243988,1,2434.235,inf,2429.952,inf,100.409
mha_simple_fg_n2n_bwd_bench,0,NVIDIA RTX A6000,0,uniform,16,16,No,1000,10000,1,90.671,inf,86.016,inf,116.257
mha_simple_fg_n2n_bwd_bench,0,NVIDIA RTX A6000,1,uniform,16,16,No,1000,20000,1,147.138,inf,142.336,inf,140.513
mha_simple_fg_n2n_bwd_bench,0,NVIDIA RTX A6000,2,uniform,16,16,No,10000,200000,1,1243.277,inf,1238.016,inf,161.549
mha_simple_fg_n2n_bwd_bench,0,NVIDIA RTX A6000,3,uniform,16,16,No,10000,400000,1,2532.960,inf,2527.232,inf,158.276
mha_simple_fg_n2n_bwd_bench,0,NVIDIA RTX A6000,4,uniform,16,16,No,100000,4000000,1,31143.562,inf,31136.768,inf,128.465
mha_simple_fg_n2n_bwd_bench,0,NVIDIA RTX A6000,5,uniform,16,16,No,100000,8000000,1,64922.948,inf,64916.481,inf,123.235
mha_simple_fg_n2n_bwd_bench,0,NVIDIA RTX A6000,0,normal,16,16,No,1000,9646,1,107.874,inf,102.400,inf,94.199
mha_simple_fg_n2n_bwd_bench,0,NVIDIA RTX A6000,1,normal,16,16,No,1000,19754,1,178.747,inf,173.152,inf,114.085
mha_simple_fg_n2n_bwd_bench,0,NVIDIA RTX A6000,2,normal,16,16,No,10000,197527,1,1297.299,inf,1291.168,inf,152.983
mha_simple_fg_n2n_bwd_bench,0,NVIDIA RTX A6000,3,normal,16,16,No,10000,399665,1,2607.982,inf,2601.984,inf,153.600
mha_simple_fg_n2n_bwd_bench,0,NVIDIA RTX A6000,4,normal,16,16,No,100000,3980302,1,30543.148,inf,30536.703,inf,130.345
mha_simple_fg_n2n_bwd_bench,0,NVIDIA RTX A6000,5,normal,16,16,No,100000,8006558,1,66762.620,inf,66754.494,inf,119.940
mha_simple_fg_n2n_bwd_bench,0,NVIDIA RTX A6000,0,power,16,16,No,1000,2055,1,74.120,inf,68.608,inf,29.953
mha_simple_fg_n2n_bwd_bench,0,NVIDIA RTX A6000,1,power,16,16,No,1000,2182,1,101.091,inf,96.256,inf,22.669
mha_simple_fg_n2n_bwd_bench,0,NVIDIA RTX A6000,2,power,16,16,No,10000,22535,1,375.709,inf,370.688,inf,60.792
mha_simple_fg_n2n_bwd_bench,0,NVIDIA RTX A6000,3,power,16,16,No,10000,23634,1,454.368,inf,449.536,inf,52.574
mha_simple_fg_n2n_bwd_bench,0,NVIDIA RTX A6000,4,power,16,16,No,100000,236301,1,3433.110,inf,3428.352,inf,68.926
mha_simple_fg_n2n_bwd_bench,0,NVIDIA RTX A6000,5,power,16,16,No,100000,243988,1,3613.861,inf,3607.552,inf,67.633
mha_simple_fg_n2n_bwd_bench,0,NVIDIA RTX A6000,0,uniform,32,16,No,1000,10000,1,100.260,inf,95.232,inf,105.007
mha_simple_fg_n2n_bwd_bench,0,NVIDIA RTX A6000,1,uniform,32,16,No,1000,20000,1,154.742,inf,149.504,inf,133.776
mha_simple_fg_n2n_bwd_bench,0,NVIDIA RTX A6000,2,uniform,32,16,No,10000,200000,1,1402.908,inf,1398.784,inf,142.981
mha_simple_fg_n2n_bwd_bench,0,NVIDIA RTX A6000,3,uniform,32,16,No,10000,400000,1,2876.029,inf,2871.296,inf,139.310
mha_simple_fg_n2n_bwd_bench,0,NVIDIA RTX A6000,4,uniform,32,16,No,100000,4000000,1,32867.525,inf,32860.161,inf,121.728
mha_simple_fg_n2n_bwd_bench,0,NVIDIA RTX A6000,5,uniform,32,16,No,100000,8000000,1,69757.823,inf,69750.786,inf,114.694
mha_simple_fg_n2n_bwd_bench,0,NVIDIA RTX A6000,0,normal,32,16,No,1000,9646,1,112.883,inf,107.520,inf,89.714
mha_simple_fg_n2n_bwd_bench,0,NVIDIA RTX A6000,1,normal,32,16,No,1000,19754,1,191.511,inf,186.368,inf,105.995
mha_simple_fg_n2n_bwd_bench,0,NVIDIA RTX A6000,2,normal,32,16,No,10000,197527,1,1458.623,inf,1453.056,inf,135.939
mha_simple_fg_n2n_bwd_bench,0,NVIDIA RTX A6000,3,normal,32,16,No,10000,399665,1,2986.286,inf,2980.672,inf,134.086
mha_simple_fg_n2n_bwd_bench,0,NVIDIA RTX A6000,4,normal,32,16,No,100000,3980302,1,32692.756,inf,32685.055,inf,121.777
mha_simple_fg_n2n_bwd_bench,0,NVIDIA RTX A6000,5,normal,32,16,No,100000,8006558,1,71666.366,inf,71659.523,inf,111.731
mha_simple_fg_n2n_bwd_bench,0,NVIDIA RTX A6000,0,power,32,16,No,1000,2055,1,75.843,inf,69.632,inf,29.512
mha_simple_fg_n2n_bwd_bench,0,NVIDIA RTX A6000,1,power,32,16,No,1000,2182,1,99.939,inf,94.208,inf,23.162
mha_simple_fg_n2n_bwd_bench,0,NVIDIA RTX A6000,2,power,32,16,No,10000,22535,1,397.730,inf,391.168,inf,57.610
mha_simple_fg_n2n_bwd_bench,0,NVIDIA RTX A6000,3,power,32,16,No,10000,23634,1,478.173,inf,474.112,inf,49.849
mha_simple_fg_n2n_bwd_bench,0,NVIDIA RTX A6000,4,power,32,16,No,100000,236301,1,3508.272,inf,3502.080,inf,67.474
mha_simple_fg_n2n_bwd_bench,0,NVIDIA RTX A6000,5,power,32,16,No,100000,243988,1,3681.619,inf,3675.136,inf,66.389
mha_simple_fg_n2n_bwd_bench,0,NVIDIA RTX A6000,0,uniform,64,16,No,1000,10000,1,132.650,inf,126.976,inf,78.755
mha_simple_fg_n2n_bwd_bench,0,NVIDIA RTX A6000,1,uniform,64,16,No,1000,20000,1,223.643,inf,218.112,inf,91.696
mha_simple_fg_n2n_bwd_bench,0,NVIDIA RTX A6000,2,uniform,64,16,No,10000,200000,1,2021.486,inf,2017.280,inf,99.143
mha_simple_fg_n2n_bwd_bench,0,NVIDIA RTX A6000,3,uniform,64,16,No,10000,400000,1,4147.619,inf,4142.080,inf,96.570
mha_simple_fg_n2n_bwd_bench,0,NVIDIA RTX A6000,4,uniform,64,16,No,100000,4000000,1,44910.435,inf,44902.401,inf,89.082
mha_simple_fg_n2n_bwd_bench,0,NVIDIA RTX A6000,5,uniform,64,16,No,100000,8000000,1,93778.471,inf,93771.774,inf,85.314
mha_simple_fg_n2n_bwd_bench,0,NVIDIA RTX A6000,0,normal,64,16,No,1000,9646,1,155.434,inf,150.528,inf,64.081
mha_simple_fg_n2n_bwd_bench,0,NVIDIA RTX A6000,1,normal,64,16,No,1000,19754,1,273.497,inf,268.288,inf,73.630
mha_simple_fg_n2n_bwd_bench,0,NVIDIA RTX A6000,2,normal,64,16,No,10000,197527,1,2117.907,inf,2112.512,inf,93.503
mha_simple_fg_n2n_bwd_bench,0,NVIDIA RTX A6000,3,normal,64,16,No,10000,399665,1,4288.775,inf,4283.392,inf,93.306
mha_simple_fg_n2n_bwd_bench,0,NVIDIA RTX A6000,4,normal,64,16,No,100000,3980302,1,43511.755,inf,43505.665,inf,91.489
mha_simple_fg_n2n_bwd_bench,0,NVIDIA RTX A6000,5,normal,64,16,No,100000,8006558,1,97435.262,inf,97428.482,inf,82.179
mha_simple_fg_n2n_bwd_bench,0,NVIDIA RTX A6000,0,power,64,16,No,1000,2055,1,88.717,inf,82.944,inf,24.776
mha_simple_fg_n2n_bwd_bench,0,NVIDIA RTX A6000,1,power,64,16,No,1000,2182,1,109.286,inf,104.448,inf,20.891
mha_simple_fg_n2n_bwd_bench,0,NVIDIA RTX A6000,2,power,64,16,No,10000,22535,1,470.498,inf,464.896,inf,48.473
mha_simple_fg_n2n_bwd_bench,0,NVIDIA RTX A6000,3,power,64,16,No,10000,23634,1,567.801,inf,562.176,inf,42.040
mha_simple_fg_n2n_bwd_bench,0,NVIDIA RTX A6000,4,power,64,16,No,100000,236301,1,4080.522,inf,4074.496,inf,57.995
mha_simple_fg_n2n_bwd_bench,0,NVIDIA RTX A6000,5,power,64,16,No,100000,243988,1,4290.678,inf,4285.440,inf,56.934
