Benchmark,Device,Device Name,params_id,dist,dim_node,num_heads,Skipped,n_nodes,n_edges,Samples,CPU Time (us),Noise,GPU Time (us),Noise.1,Elem/s (elem/us)
mha_gat_fg_n2n_fwd_bench,0,NVIDIA RTX A6000,0,uniform,16,1,No,1000,10000,1,22.603,inf,13.408,inf,745.823
mha_gat_fg_n2n_fwd_bench,0,NVIDIA RTX A6000,1,uniform,16,1,No,1000,20000,1,23.254,inf,18.432,inf,1085.069
mha_gat_fg_n2n_fwd_bench,0,NVIDIA RTX A6000,2,uniform,16,1,No,10000,200000,1,90.120,inf,84.992,inf,2353.163
mha_gat_fg_n2n_fwd_bench,0,NVIDIA RTX A6000,3,uniform,16,1,No,10000,400000,1,166.194,inf,160.768,inf,2488.057
mha_gat_fg_n2n_fwd_bench,0,NVIDIA RTX A6000,4,uniform,16,1,No,100000,4000000,1,1495.323,inf,1489.920,inf,2684.708
mha_gat_fg_n2n_fwd_bench,0,NVIDIA RTX A6000,5,uniform,16,1,No,100000,8000000,1,2933.407,inf,2926.592,inf,2733.555
mha_gat_fg_n2n_fwd_bench,0,NVIDIA RTX A6000,0,normal,16,1,No,1000,9646,1,22.572,inf,17.408,inf,554.113
mha_gat_fg_n2n_fwd_bench,0,NVIDIA RTX A6000,1,normal,16,1,No,1000,19754,1,34.214,inf,28.672,inf,688.965
mha_gat_fg_n2n_fwd_bench,0,NVIDIA RTX A6000,2,normal,16,1,No,10000,197527,1,109.237,inf,103.360,inf,1911.058
mha_gat_fg_n2n_fwd_bench,0,NVIDIA RTX A6000,3,normal,16,1,No,10000,399665,1,202.171,inf,196.608,inf,2032.801
mha_gat_fg_n2n_fwd_bench,0,NVIDIA RTX A6000,4,normal,16,1,No,100000,3980302,1,1731.659,inf,1725.440,inf,2306.833
mha_gat_fg_n2n_fwd_bench,0,NVIDIA RTX A6000,5,normal,16,1,No,100000,8006558,1,3504.915,inf,3500.032,inf,2287.567
mha_gat_fg_n2n_fwd_bench,0,NVIDIA RTX A6000,0,power,16,1,No,1000,2055,1,22.693,inf,17.408,inf,118.049
mha_gat_fg_n2n_fwd_bench,0,NVIDIA RTX A6000,1,power,16,1,No,1000,2182,1,30.027,inf,24.576,inf,88.786
mha_gat_fg_n2n_fwd_bench,0,NVIDIA RTX A6000,2,power,16,1,No,10000,22535,1,52.258,inf,47.104,inf,478.409
mha_gat_fg_n2n_fwd_bench,0,NVIDIA RTX A6000,3,power,16,1,No,10000,23634,1,73.920,inf,68.608,inf,344.479
mha_gat_fg_n2n_fwd_bench,0,NVIDIA RTX A6000,4,power,16,1,No,100000,236301,1,287.503,inf,282.624,inf,836.097
mha_gat_fg_n2n_fwd_bench,0,NVIDIA RTX A6000,5,power,16,1,No,100000,243988,1,336.205,inf,331.776,inf,735.400
mha_gat_fg_n2n_fwd_bench,0,NVIDIA RTX A6000,0,uniform,32,1,No,1000,10000,1,18.175,inf,13.312,inf,751.202
mha_gat_fg_n2n_fwd_bench,0,NVIDIA RTX A6000,1,uniform,32,1,No,1000,20000,1,23.765,inf,18.432,inf,1085.069
mha_gat_fg_n2n_fwd_bench,0,NVIDIA RTX A6000,2,uniform,32,1,No,10000,200000,1,91.763,inf,86.016,inf,2325.149
mha_gat_fg_n2n_fwd_bench,0,NVIDIA RTX A6000,3,uniform,32,1,No,10000,400000,1,166.664,inf,160.768,inf,2488.057
mha_gat_fg_n2n_fwd_bench,0,NVIDIA RTX A6000,4,uniform,32,1,No,100000,4000000,1,1580.032,inf,1575.936,inf,2538.174
mha_gat_fg_n2n_fwd_bench,0,NVIDIA RTX A6000,5,uniform,32,1,No,100000,8000000,1,3089.762,inf,3084.288,inf,2593.792
mha_gat_fg_n2n_fwd_bench,0,NVIDIA RTX A6000,0,normal,32,1,No,1000,9646,1,24.306,inf,18.432,inf,523.329
mha_gat_fg_n2n_fwd_bench,0,NVIDIA RTX A6000,1,normal,32,1,No,1000,19754,1,33.984,inf,28.672,inf,688.965
mha_gat_fg_n2n_fwd_bench,0,NVIDIA RTX A6000,2,normal,32,1,No,10000,197527,1,112.783,inf,107.520,inf,1837.119
mha_gat_fg_n2n_fwd_bench,0,NVIDIA RTX A6000,3,normal,32,1,No,10000,399665,1,203.544,inf,197.632,inf,2022.269
mha_gat_fg_n2n_fwd_bench,0,NVIDIA RTX A6000,4,normal,32,1,No,100000,3980302,1,1903.362,inf,1897.472,inf,2097.687
mha_gat_fg_n2n_fwd_bench,0,NVIDIA RTX A6000,5,normal,32,1,No,100000,8006558,1,3814.440,inf,3809.280,inf,2101.856
mha_gat_fg_n2n_fwd_bench,0,NVIDIA RTX A6000,0,power,32,1,No,1000,2055,1,22.142,inf,16.384,inf,125.427
mha_gat_fg_n2n_fwd_bench,0,NVIDIA RTX A6000,1,power,32,1,No,1000,2182,1,31.280,inf,25.600,inf,85.234
mha_gat_fg_n2n_fwd_bench,0,NVIDIA RTX A6000,2,power,32,1,No,10000,22535,1,52.590,inf,47.104,inf,478.409
mha_gat_fg_n2n_fwd_bench,0,NVIDIA RTX A6000,3,power,32,1,No,10000,23634,1,71.926,inf,66.560,inf,355.078
mha_gat_fg_n2n_fwd_bench,0,NVIDIA RTX A6000,4,power,32,1,No,100000,236301,1,303.994,inf,297.984,inf,792.999
mha_gat_fg_n2n_fwd_bench,0,NVIDIA RTX A6000,5,power,32,1,No,100000,243988,1,346.243,inf,340.992,inf,715.524
mha_gat_fg_n2n_fwd_bench,0,NVIDIA RTX A6000,0,uniform,64,1,No,1000,10000,1,18.666,inf,14.336,inf,697.545
mha_gat_fg_n2n_fwd_bench,0,NVIDIA RTX A6000,1,uniform,64,1,No,1000,20000,1,24.647,inf,18.624,inf,1073.883
mha_gat_fg_n2n_fwd_bench,0,NVIDIA RTX A6000,2,uniform,64,1,No,10000,200000,1,93.547,inf,88.064,inf,2271.076
mha_gat_fg_n2n_fwd_bench,0,NVIDIA RTX A6000,3,uniform,64,1,No,10000,400000,1,170.332,inf,164.864,inf,2426.242
mha_gat_fg_n2n_fwd_bench,0,NVIDIA RTX A6000,4,uniform,64,1,No,100000,4000000,1,2536.367,inf,2530.304,inf,1580.838
mha_gat_fg_n2n_fwd_bench,0,NVIDIA RTX A6000,5,uniform,64,1,No,100000,8000000,1,5057.967,inf,5052.416,inf,1583.401
mha_gat_fg_n2n_fwd_bench,0,NVIDIA RTX A6000,0,normal,64,1,No,1000,9646,1,23.825,inf,18.432,inf,523.329
mha_gat_fg_n2n_fwd_bench,0,NVIDIA RTX A6000,1,normal,64,1,No,1000,19754,1,39.023,inf,33.792,inf,584.576
mha_gat_fg_n2n_fwd_bench,0,NVIDIA RTX A6000,2,normal,64,1,No,10000,197527,1,113.013,inf,108.544,inf,1819.787
mha_gat_fg_n2n_fwd_bench,0,NVIDIA RTX A6000,3,normal,64,1,No,10000,399665,1,206.600,inf,201.728,inf,1981.207
mha_gat_fg_n2n_fwd_bench,0,NVIDIA RTX A6000,4,normal,64,1,No,100000,3980302,1,2590.028,inf,2584.576,inf,1540.021
mha_gat_fg_n2n_fwd_bench,0,NVIDIA RTX A6000,5,normal,64,1,No,100000,8006558,1,5281.027,inf,5275.520,inf,1517.681
mha_gat_fg_n2n_fwd_bench,0,NVIDIA RTX A6000,0,power,64,1,No,1000,2055,1,22.803,inf,17.408,inf,118.049
mha_gat_fg_n2n_fwd_bench,0,NVIDIA RTX A6000,1,power,64,1,No,1000,2182,1,30.056,inf,24.576,inf,88.786
mha_gat_fg_n2n_fwd_bench,0,NVIDIA RTX A6000,2,power,64,1,No,10000,22535,1,57.328,inf,52.160,inf,432.036
mha_gat_fg_n2n_fwd_bench,0,NVIDIA RTX A6000,3,power,64,1,No,10000,23634,1,75.012,inf,70.656,inf,334.494
mha_gat_fg_n2n_fwd_bench,0,NVIDIA RTX A6000,4,power,64,1,No,100000,236301,1,326.767,inf,320.608,inf,737.040
mha_gat_fg_n2n_fwd_bench,0,NVIDIA RTX A6000,5,power,64,1,No,100000,243988,1,383.364,inf,378.880,inf,643.972
mha_gat_fg_n2n_fwd_bench,0,NVIDIA RTX A6000,0,uniform,16,8,No,1000,10000,1,37.451,inf,31.744,inf,315.020
mha_gat_fg_n2n_fwd_bench,0,NVIDIA RTX A6000,1,uniform,16,8,No,1000,20000,1,53.902,inf,49.152,inf,406.901
mha_gat_fg_n2n_fwd_bench,0,NVIDIA RTX A6000,2,uniform,16,8,No,10000,200000,1,415.424,inf,410.624,inf,487.064
mha_gat_fg_n2n_fwd_bench,0,NVIDIA RTX A6000,3,uniform,16,8,No,10000,400000,1,783.488,inf,778.240,inf,513.980
mha_gat_fg_n2n_fwd_bench,0,NVIDIA RTX A6000,4,uniform,16,8,No,100000,4000000,1,8243.167,inf,8236.032,inf,485.671
mha_gat_fg_n2n_fwd_bench,0,NVIDIA RTX A6000,5,uniform,16,8,No,100000,8000000,1,15788.900,inf,15781.888,inf,506.910
mha_gat_fg_n2n_fwd_bench,0,NVIDIA RTX A6000,0,normal,16,8,No,1000,9646,1,38.944,inf,33.792,inf,285.452
mha_gat_fg_n2n_fwd_bench,0,NVIDIA RTX A6000,1,normal,16,8,No,1000,19754,1,67.507,inf,60.416,inf,326.966
mha_gat_fg_n2n_fwd_bench,0,NVIDIA RTX A6000,2,normal,16,8,No,10000,197527,1,429.571,inf,424.960,inf,464.813
mha_gat_fg_n2n_fwd_bench,0,NVIDIA RTX A6000,3,normal,16,8,No,10000,399665,1,802.244,inf,797.696,inf,501.024
mha_gat_fg_n2n_fwd_bench,0,NVIDIA RTX A6000,4,normal,16,8,No,100000,3980302,1,8209.144,inf,8203.264,inf,485.210
mha_gat_fg_n2n_fwd_bench,0,NVIDIA RTX A6000,5,normal,16,8,No,100000,8006558,1,16072.596,inf,16065.536,inf,498.369
mha_gat_fg_n2n_fwd_bench,0,NVIDIA RTX A6000,0,power,16,8,No,1000,2055,1,29.556,inf,24.576,inf,83.618
mha_gat_fg_n2n_fwd_bench,0,NVIDIA RTX A6000,1,power,16,8,No,1000,2182,1,32.862,inf,26.624,inf,81.956
mha_gat_fg_n2n_fwd_bench,0,NVIDIA RTX A6000,2,power,16,8,No,10000,22535,1,140.185,inf,134.144,inf,167.991
mha_gat_fg_n2n_fwd_bench,0,NVIDIA RTX A6000,3,power,16,8,No,10000,23634,1,156.165,inf,151.552,inf,155.946
mha_gat_fg_n2n_fwd_bench,0,NVIDIA RTX A6000,4,power,16,8,No,100000,236301,1,1295.094,inf,1290.240,inf,183.145
mha_gat_fg_n2n_fwd_bench,0,NVIDIA RTX A6000,5,power,16,8,No,100000,243988,1,1327.656,inf,1321.984,inf,184.562
mha_gat_fg_n2n_fwd_bench,0,NVIDIA RTX A6000,0,uniform,32,8,No,1000,10000,1,45.947,inf,40.960,inf,244.141
mha_gat_fg_n2n_fwd_bench,0,NVIDIA RTX A6000,1,uniform,32,8,No,1000,20000,1,74.380,inf,68.608,inf,291.511
mha_gat_fg_n2n_fwd_bench,0,NVIDIA RTX A6000,2,uniform,32,8,No,10000,200000,1,609.600,inf,604.160,inf,331.038
mha_gat_fg_n2n_fwd_bench,0,NVIDIA RTX A6000,3,uniform,32,8,No,10000,400000,1,1184.376,inf,1179.648,inf,339.084
mha_gat_fg_n2n_fwd_bench,0,NVIDIA RTX A6000,4,uniform,32,8,No,100000,4000000,1,11807.065,inf,11799.552,inf,338.996
mha_gat_fg_n2n_fwd_bench,0,NVIDIA RTX A6000,5,uniform,32,8,No,100000,8000000,1,23042.331,inf,23034.880,inf,347.299
mha_gat_fg_n2n_fwd_bench,0,NVIDIA RTX A6000,0,normal,32,8,No,1000,9646,1,54.372,inf,48.128,inf,200.424
mha_gat_fg_n2n_fwd_bench,0,NVIDIA RTX A6000,1,normal,32,8,No,1000,19754,1,91.272,inf,86.016,inf,229.655
mha_gat_fg_n2n_fwd_bench,0,NVIDIA RTX A6000,2,normal,32,8,No,10000,197527,1,655.978,inf,650.240,inf,303.776
mha_gat_fg_n2n_fwd_bench,0,NVIDIA RTX A6000,3,normal,32,8,No,10000,399665,1,1276.208,inf,1270.784,inf,314.503
mha_gat_fg_n2n_fwd_bench,0,NVIDIA RTX A6000,4,normal,32,8,No,100000,3980302,1,12040.606,inf,12034.048,inf,330.753
mha_gat_fg_n2n_fwd_bench,0,NVIDIA RTX A6000,5,normal,32,8,No,100000,8006558,1,23503.130,inf,23495.680,inf,340.767
mha_gat_fg_n2n_fwd_bench,0,NVIDIA RTX A6000,0,power,32,8,No,1000,2055,1,32.752,inf,26.624,inf,77.186
mha_gat_fg_n2n_fwd_bench,0,NVIDIA RTX A6000,1,power,32,8,No,1000,2182,1,35.918,inf,30.720,inf,71.029
mha_gat_fg_n2n_fwd_bench,0,NVIDIA RTX A6000,2,power,32,8,No,10000,22535,1,160.953,inf,155.648,inf,144.782
mha_gat_fg_n2n_fwd_bench,0,NVIDIA RTX A6000,3,power,32,8,No,10000,23634,1,184.168,inf,179.200,inf,131.886
mha_gat_fg_n2n_fwd_bench,0,NVIDIA RTX A6000,4,power,32,8,No,100000,236301,1,1484.382,inf,1478.656,inf,159.808
mha_gat_fg_n2n_fwd_bench,0,NVIDIA RTX A6000,5,power,32,8,No,100000,243988,1,1528.685,inf,1521.664,inf,160.343
mha_gat_fg_n2n_fwd_bench,0,NVIDIA RTX A6000,0,uniform,64,8,No,1000,10000,1,45.505,inf,40.960,inf,244.141
mha_gat_fg_n2n_fwd_bench,0,NVIDIA RTX A6000,1,uniform,64,8,No,1000,20000,1,73.669,inf,67.584,inf,295.928
mha_gat_fg_n2n_fwd_bench,0,NVIDIA RTX A6000,2,uniform,64,8,No,10000,200000,1,609.380,inf,604.160,inf,331.038
mha_gat_fg_n2n_fwd_bench,0,NVIDIA RTX A6000,3,uniform,64,8,No,10000,400000,1,1181.550,inf,1176.576,inf,339.970
mha_gat_fg_n2n_fwd_bench,0,NVIDIA RTX A6000,4,uniform,64,8,No,100000,4000000,1,11816.643,inf,11809.760,inf,338.703
mha_gat_fg_n2n_fwd_bench,0,NVIDIA RTX A6000,5,uniform,64,8,No,100000,8000000,1,23223.122,inf,23216.127,inf,344.588
mha_gat_fg_n2n_fwd_bench,0,NVIDIA RTX A6000,0,normal,64,8,No,1000,9646,1,55.916,inf,50.176,inf,192.243
mha_gat_fg_n2n_fwd_bench,0,NVIDIA RTX A6000,1,normal,64,8,No,1000,19754,1,94.338,inf,88.064,inf,224.314
mha_gat_fg_n2n_fwd_bench,0,NVIDIA RTX A6000,2,normal,64,8,No,10000,197527,1,686.746,inf,681.984,inf,289.636
mha_gat_fg_n2n_fwd_bench,0,NVIDIA RTX A6000,3,normal,64,8,No,10000,399665,1,1329.109,inf,1324.032,inf,301.854
mha_gat_fg_n2n_fwd_bench,0,NVIDIA RTX A6000,4,normal,64,8,No,100000,3980302,1,12292.201,inf,12284.928,inf,323.999
mha_gat_fg_n2n_fwd_bench,0,NVIDIA RTX A6000,5,normal,64,8,No,100000,8006558,1,24594.621,inf,24587.263,inf,325.638
mha_gat_fg_n2n_fwd_bench,0,NVIDIA RTX A6000,0,power,64,8,No,1000,2055,1,32.411,inf,26.624,inf,77.186
mha_gat_fg_n2n_fwd_bench,0,NVIDIA RTX A6000,1,power,64,8,No,1000,2182,1,39.394,inf,33.792,inf,64.571
mha_gat_fg_n2n_fwd_bench,0,NVIDIA RTX A6000,2,power,64,8,No,10000,22535,1,164.640,inf,159.744,inf,141.069
mha_gat_fg_n2n_fwd_bench,0,NVIDIA RTX A6000,3,power,64,8,No,10000,23634,1,186.973,inf,181.248,inf,130.396
mha_gat_fg_n2n_fwd_bench,0,NVIDIA RTX A6000,4,power,64,8,No,100000,236301,1,1546.429,inf,1542.144,inf,153.229
mha_gat_fg_n2n_fwd_bench,0,NVIDIA RTX A6000,5,power,64,8,No,100000,243988,1,1554.875,inf,1549.312,inf,157.482
mha_gat_fg_n2n_fwd_bench,0,NVIDIA RTX A6000,0,uniform,16,16,No,1000,10000,1,51.117,inf,45.888,inf,217.922
mha_gat_fg_n2n_fwd_bench,0,NVIDIA RTX A6000,1,uniform,16,16,No,1000,20000,1,75.903,inf,70.656,inf,283.062
mha_gat_fg_n2n_fwd_bench,0,NVIDIA RTX A6000,2,uniform,16,16,No,10000,200000,1,639.026,inf,632.832,inf,316.040
mha_gat_fg_n2n_fwd_bench,0,NVIDIA RTX A6000,3,uniform,16,16,No,10000,400000,1,1194.645,inf,1188.864,inf,336.456
mha_gat_fg_n2n_fwd_bench,0,NVIDIA RTX A6000,4,uniform,16,16,No,100000,4000000,1,13719.484,inf,13713.408,inf,291.685
mha_gat_fg_n2n_fwd_bench,0,NVIDIA RTX A6000,5,uniform,16,16,No,100000,8000000,1,26243.763,inf,26235.905,inf,304.926
mha_gat_fg_n2n_fwd_bench,0,NVIDIA RTX A6000,0,normal,16,16,No,1000,9646,1,55.204,inf,49.152,inf,196.248
mha_gat_fg_n2n_fwd_bench,0,NVIDIA RTX A6000,1,normal,16,16,No,1000,19754,1,88.657,inf,83.968,inf,235.256
mha_gat_fg_n2n_fwd_bench,0,NVIDIA RTX A6000,2,normal,16,16,No,10000,197527,1,649.526,inf,643.072,inf,307.162
mha_gat_fg_n2n_fwd_bench,0,NVIDIA RTX A6000,3,normal,16,16,No,10000,399665,1,1202.700,inf,1197.056,inf,333.873
mha_gat_fg_n2n_fwd_bench,0,NVIDIA RTX A6000,4,normal,16,16,No,100000,3980302,1,13621.730,inf,13616.128,inf,292.323
mha_gat_fg_n2n_fwd_bench,0,NVIDIA RTX A6000,5,normal,16,16,No,100000,8006558,1,26889.812,inf,26883.072,inf,297.829
mha_gat_fg_n2n_fwd_bench,0,NVIDIA RTX A6000,0,power,16,16,No,1000,2055,1,42.260,inf,36.768,inf,55.891
mha_gat_fg_n2n_fwd_bench,0,NVIDIA RTX A6000,1,power,16,16,No,1000,2182,1,47.910,inf,41.984,inf,51.972
mha_gat_fg_n2n_fwd_bench,0,NVIDIA RTX A6000,2,power,16,16,No,10000,22535,1,228.541,inf,223.232,inf,100.949
mha_gat_fg_n2n_fwd_bench,0,NVIDIA RTX A6000,3,power,16,16,No,10000,23634,1,253.999,inf,248.832,inf,94.980
mha_gat_fg_n2n_fwd_bench,0,NVIDIA RTX A6000,4,power,16,16,No,100000,236301,1,2193.710,inf,2187.264,inf,108.035
mha_gat_fg_n2n_fwd_bench,0,NVIDIA RTX A6000,5,power,16,16,No,100000,243988,1,2241.511,inf,2236.416,inf,109.098
mha_gat_fg_n2n_fwd_bench,0,NVIDIA RTX A6000,0,uniform,32,16,No,1000,10000,1,59.923,inf,55.296,inf,180.845
mha_gat_fg_n2n_fwd_bench,0,NVIDIA RTX A6000,1,uniform,32,16,No,1000,20000,1,96.162,inf,91.136,inf,219.452
mha_gat_fg_n2n_fwd_bench,0,NVIDIA RTX A6000,2,uniform,32,16,No,10000,200000,1,806.341,inf,799.744,inf,250.080
mha_gat_fg_n2n_fwd_bench,0,NVIDIA RTX A6000,3,uniform,32,16,No,10000,400000,1,1544.034,inf,1540.096,inf,259.724
mha_gat_fg_n2n_fwd_bench,0,NVIDIA RTX A6000,4,uniform,32,16,No,100000,4000000,1,16350.851,inf,16344.065,inf,244.737
mha_gat_fg_n2n_fwd_bench,0,NVIDIA RTX A6000,5,uniform,32,16,No,100000,8000000,1,31724.207,inf,31718.399,inf,252.220
mha_gat_fg_n2n_fwd_bench,0,NVIDIA RTX A6000,0,normal,32,16,No,1000,9646,1,67.668,inf,62.464,inf,154.425
mha_gat_fg_n2n_fwd_bench,0,NVIDIA RTX A6000,1,normal,32,16,No,1000,19754,1,114.105,inf,108.544,inf,181.991
mha_gat_fg_n2n_fwd_bench,0,NVIDIA RTX A6000,2,normal,32,16,No,10000,197527,1,835.267,inf,830.464,inf,237.851
mha_gat_fg_n2n_fwd_bench,0,NVIDIA RTX A6000,3,normal,32,16,No,10000,399665,1,1597.876,inf,1593.344,inf,250.834
mha_gat_fg_n2n_fwd_bench,0,NVIDIA RTX A6000,4,normal,32,16,No,100000,3980302,1,16235.834,inf,16228.352,inf,245.268
mha_gat_fg_n2n_fwd_bench,0,NVIDIA RTX A6000,5,normal,32,16,No,100000,8006558,1,32681.184,inf,32674.816,inf,245.038
mha_gat_fg_n2n_fwd_bench,0,NVIDIA RTX A6000,0,power,32,16,No,1000,2055,1,48.140,inf,41.984,inf,48.947
mha_gat_fg_n2n_fwd_bench,0,NVIDIA RTX A6000,1,power,32,16,No,1000,2182,1,53.150,inf,48.128,inf,45.337
mha_gat_fg_n2n_fwd_bench,0,NVIDIA RTX A6000,2,power,32,16,No,10000,22535,1,249.892,inf,244.736,inf,92.079
mha_gat_fg_n2n_fwd_bench,0,NVIDIA RTX A6000,3,power,32,16,No,10000,23634,1,285.058,inf,279.552,inf,84.542
mha_gat_fg_n2n_fwd_bench,0,NVIDIA RTX A6000,4,power,32,16,No,100000,236301,1,2367.559,inf,2362.368,inf,100.027
mha_gat_fg_n2n_fwd_bench,0,NVIDIA RTX A6000,5,power,32,16,No,100000,243988,1,2431.630,inf,2425.696,inf,100.585
mha_gat_fg_n2n_fwd_bench,0,NVIDIA RTX A6000,0,uniform,64,16,No,1000,10000,1,79.380,inf,73.728,inf,135.634
mha_gat_fg_n2n_fwd_bench,0,NVIDIA RTX A6000,1,uniform,64,16,No,1000,20000,1,135.957,inf,130.976,inf,152.700
mha_gat_fg_n2n_fwd_bench,0,NVIDIA RTX A6000,2,uniform,64,16,No,10000,200000,1,1199.864,inf,1195.008,inf,167.363
mha_gat_fg_n2n_fwd_bench,0,NVIDIA RTX A6000,3,uniform,64,16,No,10000,400000,1,2346.078,inf,2340.928,inf,170.872
mha_gat_fg_n2n_fwd_bench,0,NVIDIA RTX A6000,4,uniform,64,16,No,100000,4000000,1,23435.252,inf,23428.097,inf,170.735
mha_gat_fg_n2n_fwd_bench,0,NVIDIA RTX A6000,5,uniform,64,16,No,100000,8000000,1,47326.786,inf,47321.087,inf,169.058
mha_gat_fg_n2n_fwd_bench,0,NVIDIA RTX A6000,0,normal,64,16,No,1000,9646,1,97.454,inf,90.112,inf,107.045
mha_gat_fg_n2n_fwd_bench,0,NVIDIA RTX A6000,1,normal,64,16,No,1000,19754,1,165.212,inf,159.744,inf,123.660
mha_gat_fg_n2n_fwd_bench,0,NVIDIA RTX A6000,2,normal,64,16,No,10000,197527,1,1282.080,inf,1275.904,inf,154.813
mha_gat_fg_n2n_fwd_bench,0,NVIDIA RTX A6000,3,normal,64,16,No,10000,399665,1,2517.792,inf,2511.872,inf,159.110
mha_gat_fg_n2n_fwd_bench,0,NVIDIA RTX A6000,4,normal,64,16,No,100000,3980302,1,24402.047,inf,24395.777,inf,163.155
mha_gat_fg_n2n_fwd_bench,0,NVIDIA RTX A6000,5,normal,64,16,No,100000,8006558,1,48132.647,inf,48125.954,inf,166.367
mha_gat_fg_n2n_fwd_bench,0,NVIDIA RTX A6000,0,power,64,16,No,1000,2055,1,51.827,inf,46.112,inf,44.565
mha_gat_fg_n2n_fwd_bench,0,NVIDIA RTX A6000,1,power,64,16,No,1000,2182,1,62.138,inf,57.344,inf,38.051
mha_gat_fg_n2n_fwd_bench,0,NVIDIA RTX A6000,2,power,64,16,No,10000,22535,1,293.885,inf,288.768,inf,78.038
mha_gat_fg_n2n_fwd_bench,0,NVIDIA RTX A6000,3,power,64,16,No,10000,23634,1,336.996,inf,331.776,inf,71.235
mha_gat_fg_n2n_fwd_bench,0,NVIDIA RTX A6000,4,power,64,16,No,100000,236301,1,2737.236,inf,2732.032,inf,86.493
mha_gat_fg_n2n_fwd_bench,0,NVIDIA RTX A6000,5,power,64,16,No,100000,243988,1,2821.265,inf,2816.000,inf,86.643
mha_gat_fg_n2n_bwd_bench,0,NVIDIA RTX A6000,0,uniform,16,1,No,1000,10000,1,40.316,inf,34.816,inf,287.224
mha_gat_fg_n2n_bwd_bench,0,NVIDIA RTX A6000,1,uniform,16,1,No,1000,20000,1,44.604,inf,39.936,inf,500.801
mha_gat_fg_n2n_bwd_bench,0,NVIDIA RTX A6000,2,uniform,16,1,No,10000,200000,1,242.879,inf,237.568,inf,841.864
mha_gat_fg_n2n_bwd_bench,0,NVIDIA RTX A6000,3,uniform,16,1,No,10000,400000,1,360.290,inf,354.400,inf,1128.668
mha_gat_fg_n2n_bwd_bench,0,NVIDIA RTX A6000,4,uniform,16,1,No,100000,4000000,1,5452.561,inf,5445.632,inf,734.534
mha_gat_fg_n2n_bwd_bench,0,NVIDIA RTX A6000,5,uniform,16,1,No,100000,8000000,1,7735.119,inf,7730.176,inf,1034.905
mha_gat_fg_n2n_bwd_bench,0,NVIDIA RTX A6000,0,normal,16,1,No,1000,9646,1,39.555,inf,34.816,inf,277.057
mha_gat_fg_n2n_bwd_bench,0,NVIDIA RTX A6000,1,normal,16,1,No,1000,19754,1,56.667,inf,51.200,inf,385.820
mha_gat_fg_n2n_bwd_bench,0,NVIDIA RTX A6000,2,normal,16,1,No,10000,197527,1,235.995,inf,231.424,inf,853.529
mha_gat_fg_n2n_bwd_bench,0,NVIDIA RTX A6000,3,normal,16,1,No,10000,399665,1,413.110,inf,407.552,inf,980.648
mha_gat_fg_n2n_bwd_bench,0,NVIDIA RTX A6000,4,normal,16,1,No,100000,3980302,1,5395.674,inf,5389.312,inf,738.555
mha_gat_fg_n2n_bwd_bench,0,NVIDIA RTX A6000,5,normal,16,1,No,100000,8006558,1,8130.044,inf,8123.296,inf,985.629
mha_gat_fg_n2n_bwd_bench,0,NVIDIA RTX A6000,0,power,16,1,No,1000,2055,1,42.901,inf,37.888,inf,54.239
mha_gat_fg_n2n_bwd_bench,0,NVIDIA RTX A6000,1,power,16,1,No,1000,2182,1,56.717,inf,51.200,inf,42.617
mha_gat_fg_n2n_bwd_bench,0,NVIDIA RTX A6000,2,power,16,1,No,10000,22535,1,195.168,inf,190.304,inf,118.416
mha_gat_fg_n2n_bwd_bench,0,NVIDIA RTX A6000,3,power,16,1,No,10000,23634,1,217.591,inf,212.992,inf,110.962
mha_gat_fg_n2n_bwd_bench,0,NVIDIA RTX A6000,4,power,16,1,No,100000,236301,1,1861.263,inf,1855.488,inf,127.352
mha_gat_fg_n2n_bwd_bench,0,NVIDIA RTX A6000,5,power,16,1,No,100000,243988,1,2100.665,inf,2096.128,inf,116.399
mha_gat_fg_n2n_bwd_bench,0,NVIDIA RTX A6000,0,uniform,32,1,No,1000,10000,1,49.043,inf,44.032,inf,227.108
mha_gat_fg_n2n_bwd_bench,0,NVIDIA RTX A6000,1,uniform,32,1,No,1000,20000,1,55.054,inf,50.176,inf,398.597
mha_gat_fg_n2n_bwd_bench,0,NVIDIA RTX A6000,2,uniform,32,1,No,10000,200000,1,359.298,inf,355.328,inf,562.860
mha_gat_fg_n2n_bwd_bench,0,NVIDIA RTX A6000,3,uniform,32,1,No,10000,400000,1,493.652,inf,488.320,inf,819.135
mha_gat_fg_n2n_bwd_bench,0,NVIDIA RTX A6000,4,uniform,32,1,No,100000,4000000,1,6088.352,inf,6083.584,inf,657.507
mha_gat_fg_n2n_bwd_bench,0,NVIDIA RTX A6000,5,uniform,32,1,No,100000,8000000,1,10318.375,inf,10311.680,inf,775.819
mha_gat_fg_n2n_bwd_bench,0,NVIDIA RTX A6000,0,normal,32,1,No,1000,9646,1,48.311,inf,44.032,inf,219.068
mha_gat_fg_n2n_bwd_bench,0,NVIDIA RTX A6000,1,normal,32,1,No,1000,19754,1,64.822,inf,58.368,inf,338.439
mha_gat_fg_n2n_bwd_bench,0,NVIDIA RTX A6000,2,normal,32,1,No,10000,197527,1,361.552,inf,356.352,inf,554.303
mha_gat_fg_n2n_bwd_bench,0,NVIDIA RTX A6000,3,normal,32,1,No,10000,399665,1,506.766,inf,500.736,inf,798.155
mha_gat_fg_n2n_bwd_bench,0,NVIDIA RTX A6000,4,normal,32,1,No,100000,3980302,1,6078.573,inf,6071.296,inf,655.593
mha_gat_fg_n2n_bwd_bench,0,NVIDIA RTX A6000,5,normal,32,1,No,100000,8006558,1,10437.029,inf,10430.464,inf,767.613
mha_gat_fg_n2n_bwd_bench,0,NVIDIA RTX A6000,0,power,32,1,No,1000,2055,1,53.812,inf,48.128,inf,42.699
mha_gat_fg_n2n_bwd_bench,0,NVIDIA RTX A6000,1,power,32,1,No,1000,2182,1,65.564,inf,60.416,inf,36.116
mha_gat_fg_n2n_bwd_bench,0,NVIDIA RTX A6000,2,power,32,1,No,10000,22535,1,289.356,inf,283.648,inf,79.447
mha_gat_fg_n2n_bwd_bench,0,NVIDIA RTX A6000,3,power,32,1,No,10000,23634,1,322.238,inf,316.416,inf,74.693
mha_gat_fg_n2n_bwd_bench,0,NVIDIA RTX A6000,4,power,32,1,No,100000,236301,1,2531.188,inf,2525.248,inf,93.575
mha_gat_fg_n2n_bwd_bench,0,NVIDIA RTX A6000,5,power,32,1,No,100000,243988,1,2615.376,inf,2610.176,inf,93.476
mha_gat_fg_n2n_bwd_bench,0,NVIDIA RTX A6000,0,uniform,64,1,No,1000,10000,1,50.635,inf,46.080,inf,217.014
mha_gat_fg_n2n_bwd_bench,0,NVIDIA RTX A6000,1,uniform,64,1,No,1000,20000,1,64.582,inf,59.392,inf,336.746
mha_gat_fg_n2n_bwd_bench,0,NVIDIA RTX A6000,2,uniform,64,1,No,10000,200000,1,477.040,inf,472.064,inf,423.671
mha_gat_fg_n2n_bwd_bench,0,NVIDIA RTX A6000,3,uniform,64,1,No,10000,400000,1,720.830,inf,715.776,inf,558.834
mha_gat_fg_n2n_bwd_bench,0,NVIDIA RTX A6000,4,uniform,64,1,No,100000,4000000,1,10158.323,inf,10151.936,inf,394.014
mha_gat_fg_n2n_bwd_bench,0,NVIDIA RTX A6000,5,uniform,64,1,No,100000,8000000,1,18903.158,inf,18895.872,inf,423.373
mha_gat_fg_n2n_bwd_bench,0,NVIDIA RTX A6000,0,normal,64,1,No,1000,9646,1,57.619,inf,52.224,inf,184.704
mha_gat_fg_n2n_bwd_bench,0,NVIDIA RTX A6000,1,normal,64,1,No,1000,19754,1,75.562,inf,69.632,inf,283.691
mha_gat_fg_n2n_bwd_bench,0,NVIDIA RTX A6000,2,normal,64,1,No,10000,197527,1,499.453,inf,494.592,inf,399.374
mha_gat_fg_n2n_bwd_bench,0,NVIDIA RTX A6000,3,normal,64,1,No,10000,399665,1,739.927,inf,735.232,inf,543.590
mha_gat_fg_n2n_bwd_bench,0,NVIDIA RTX A6000,4,normal,64,1,No,100000,3980302,1,10183.771,inf,10178.560,inf,391.048
mha_gat_fg_n2n_bwd_bench,0,NVIDIA RTX A6000,5,normal,64,1,No,100000,8006558,1,18956.109,inf,18949.120,inf,422.529
mha_gat_fg_n2n_bwd_bench,0,NVIDIA RTX A6000,0,power,64,1,No,1000,2055,1,57.338,inf,52.224,inf,39.350
mha_gat_fg_n2n_bwd_bench,0,NVIDIA RTX A6000,1,power,64,1,No,1000,2182,1,72.787,inf,67.584,inf,32.286
mha_gat_fg_n2n_bwd_bench,0,NVIDIA RTX A6000,2,power,64,1,No,10000,22535,1,322.709,inf,318.464,inf,70.762
mha_gat_fg_n2n_bwd_bench,0,NVIDIA RTX A6000,3,power,64,1,No,10000,23634,1,363.235,inf,357.376,inf,66.132
mha_gat_fg_n2n_bwd_bench,0,NVIDIA RTX A6000,4,power,64,1,No,100000,236301,1,2858.586,inf,2852.864,inf,82.829
mha_gat_fg_n2n_bwd_bench,0,NVIDIA RTX A6000,5,power,64,1,No,100000,243988,1,2870.178,inf,2864.128,inf,85.188
mha_gat_fg_n2n_bwd_bench,0,NVIDIA RTX A6000,0,uniform,16,8,No,1000,10000,1,68.690,inf,64.512,inf,155.010
mha_gat_fg_n2n_bwd_bench,0,NVIDIA RTX A6000,1,uniform,16,8,No,1000,20000,1,96.833,inf,92.160,inf,217.014
mha_gat_fg_n2n_bwd_bench,0,NVIDIA RTX A6000,2,uniform,16,8,No,10000,200000,1,799.158,inf,793.600,inf,252.016
mha_gat_fg_n2n_bwd_bench,0,NVIDIA RTX A6000,3,uniform,16,8,No,10000,400000,1,1589.931,inf,1585.152,inf,252.342
mha_gat_fg_n2n_bwd_bench,0,NVIDIA RTX A6000,4,uniform,16,8,No,100000,4000000,1,16929.132,inf,16921.600,inf,236.384
mha_gat_fg_n2n_bwd_bench,0,NVIDIA RTX A6000,5,uniform,16,8,No,100000,8000000,1,35194.978,inf,35186.687,inf,227.359
mha_gat_fg_n2n_bwd_bench,0,NVIDIA RTX A6000,0,normal,16,8,No,1000,9646,1,71.736,inf,65.568,inf,147.114
mha_gat_fg_n2n_bwd_bench,0,NVIDIA RTX A6000,1,normal,16,8,No,1000,19754,1,112.092,inf,106.496,inf,185.491
mha_gat_fg_n2n_bwd_bench,0,NVIDIA RTX A6000,2,normal,16,8,No,10000,197527,1,833.944,inf,829.440,inf,238.145
mha_gat_fg_n2n_bwd_bench,0,NVIDIA RTX A6000,3,normal,16,8,No,10000,399665,1,1603.206,inf,1598.464,inf,250.031
mha_gat_fg_n2n_bwd_bench,0,NVIDIA RTX A6000,4,normal,16,8,No,100000,3980302,1,17011.037,inf,17004.543,inf,234.073
mha_gat_fg_n2n_bwd_bench,0,NVIDIA RTX A6000,5,normal,16,8,No,100000,8006558,1,36961.793,inf,36955.135,inf,216.656
mha_gat_fg_n2n_bwd_bench,0,NVIDIA RTX A6000,0,power,16,8,No,1000,2055,1,59.863,inf,55.296,inf,37.164
mha_gat_fg_n2n_bwd_bench,0,NVIDIA RTX A6000,1,power,16,8,No,1000,2182,1,60.474,inf,55.296,inf,39.460
mha_gat_fg_n2n_bwd_bench,0,NVIDIA RTX A6000,2,power,16,8,No,10000,22535,1,350.201,inf,345.088,inf,65.302
mha_gat_fg_n2n_bwd_bench,0,NVIDIA RTX A6000,3,power,16,8,No,10000,23634,1,378.334,inf,373.760,inf,63.233
mha_gat_fg_n2n_bwd_bench,0,NVIDIA RTX A6000,4,power,16,8,No,100000,236301,1,4357.505,inf,4350.976,inf,54.310
mha_gat_fg_n2n_bwd_bench,0,NVIDIA RTX A6000,5,power,16,8,No,100000,243988,1,5047.076,inf,5040.128,inf,48.409
mha_gat_fg_n2n_bwd_bench,0,NVIDIA RTX A6000,0,uniform,32,8,No,1000,10000,1,91.864,inf,84.992,inf,117.658
mha_gat_fg_n2n_bwd_bench,0,NVIDIA RTX A6000,1,uniform,32,8,No,1000,20000,1,138.922,inf,133.120,inf,150.240
mha_gat_fg_n2n_bwd_bench,0,NVIDIA RTX A6000,2,uniform,32,8,No,10000,200000,1,1197.380,inf,1191.936,inf,167.794
mha_gat_fg_n2n_bwd_bench,0,NVIDIA RTX A6000,3,uniform,32,8,No,10000,400000,1,2392.666,inf,2387.968,inf,167.506
mha_gat_fg_n2n_bwd_bench,0,NVIDIA RTX A6000,4,uniform,32,8,No,100000,4000000,1,24359.337,inf,24352.768,inf,164.252
mha_gat_fg_n2n_bwd_bench,0,NVIDIA RTX A6000,5,uniform,32,8,No,100000,8000000,1,52148.757,inf,52140.034,inf,153.433
mha_gat_fg_n2n_bwd_bench,0,NVIDIA RTX A6000,0,normal,32,8,No,1000,9646,1,91.373,inf,86.016,inf,112.142
mha_gat_fg_n2n_bwd_bench,0,NVIDIA RTX A6000,1,normal,32,8,No,1000,19754,1,165.803,inf,160.768,inf,122.873
mha_gat_fg_n2n_bwd_bench,0,NVIDIA RTX A6000,2,normal,32,8,No,10000,197527,1,1236.424,inf,1231.872,inf,160.347
mha_gat_fg_n2n_bwd_bench,0,NVIDIA RTX A6000,3,normal,32,8,No,10000,399665,1,2505.649,inf,2499.584,inf,159.893
mha_gat_fg_n2n_bwd_bench,0,NVIDIA RTX A6000,4,normal,32,8,No,100000,3980302,1,23986.604,inf,23978.144,inf,165.997
mha_gat_fg_n2n_bwd_bench,0,NVIDIA RTX A6000,5,normal,32,8,No,100000,8006558,1,52808.322,inf,52800.510,inf,151.638
mha_gat_fg_n2n_bwd_bench,0,NVIDIA RTX A6000,0,power,32,8,No,1000,2055,1,86.543,inf,80.896,inf,25.403
mha_gat_fg_n2n_bwd_bench,0,NVIDIA RTX A6000,1,power,32,8,No,1000,2182,1,83.808,inf,78.848,inf,27.673
mha_gat_fg_n2n_bwd_bench,0,NVIDIA RTX A6000,2,power,32,8,No,10000,22535,1,574.194,inf,568.320,inf,39.652
mha_gat_fg_n2n_bwd_bench,0,NVIDIA RTX A6000,3,power,32,8,No,10000,23634,1,607.387,inf,602.112,inf,39.252
mha_gat_fg_n2n_bwd_bench,0,NVIDIA RTX A6000,4,power,32,8,No,100000,236301,1,7040.999,inf,7035.904,inf,33.585
mha_gat_fg_n2n_bwd_bench,0,NVIDIA RTX A6000,5,power,32,8,No,100000,243988,1,8314.472,inf,8308.736,inf,29.365
mha_gat_fg_n2n_bwd_bench,0,NVIDIA RTX A6000,0,uniform,64,8,No,1000,10000,1,88.467,inf,83.968,inf,119.093
mha_gat_fg_n2n_bwd_bench,0,NVIDIA RTX A6000,1,uniform,64,8,No,1000,20000,1,140.796,inf,136.192,inf,146.852
mha_gat_fg_n2n_bwd_bench,0,NVIDIA RTX A6000,2,uniform,64,8,No,10000,200000,1,1200.917,inf,1196.032,inf,167.220
mha_gat_fg_n2n_bwd_bench,0,NVIDIA RTX A6000,3,uniform,64,8,No,10000,400000,1,2407.514,inf,2403.328,inf,166.436
mha_gat_fg_n2n_bwd_bench,0,NVIDIA RTX A6000,4,uniform,64,8,No,100000,4000000,1,24631.901,inf,24625.153,inf,162.436
mha_gat_fg_n2n_bwd_bench,0,NVIDIA RTX A6000,5,uniform,64,8,No,100000,8000000,1,53812.618,inf,53806.080,inf,148.682
mha_gat_fg_n2n_bwd_bench,0,NVIDIA RTX A6000,0,normal,64,8,No,1000,9646,1,106.742,inf,100.352,inf,96.122
mha_gat_fg_n2n_bwd_bench,0,NVIDIA RTX A6000,1,normal,64,8,No,1000,19754,1,159.821,inf,154.624,inf,127.755
mha_gat_fg_n2n_bwd_bench,0,NVIDIA RTX A6000,2,normal,64,8,No,10000,197527,1,1291.368,inf,1286.144,inf,153.581
mha_gat_fg_n2n_bwd_bench,0,NVIDIA RTX A6000,3,normal,64,8,No,10000,399665,1,2604.266,inf,2599.936,inf,153.721
mha_gat_fg_n2n_bwd_bench,0,NVIDIA RTX A6000,4,normal,64,8,No,100000,3980302,1,25164.687,inf,25158.655,inf,158.208
mha_gat_fg_n2n_bwd_bench,0,NVIDIA RTX A6000,5,normal,64,8,No,100000,8006558,1,56388.469,inf,56381.439,inf,142.007
mha_gat_fg_n2n_bwd_bench,0,NVIDIA RTX A6000,0,power,64,8,No,1000,2055,1,78.949,inf,72.704,inf,28.265
mha_gat_fg_n2n_bwd_bench,0,NVIDIA RTX A6000,1,power,64,8,No,1000,2182,1,81.634,inf,76.800,inf,28.411
mha_gat_fg_n2n_bwd_bench,0,NVIDIA RTX A6000,2,power,64,8,No,10000,22535,1,501.016,inf,495.616,inf,45.469
mha_gat_fg_n2n_bwd_bench,0,NVIDIA RTX A6000,3,power,64,8,No,10000,23634,1,598.539,inf,593.024,inf,39.853
mha_gat_fg_n2n_bwd_bench,0,NVIDIA RTX A6000,4,power,64,8,No,100000,236301,1,5562.439,inf,5556.224,inf,42.529
mha_gat_fg_n2n_bwd_bench,0,NVIDIA RTX A6000,5,power,64,8,No,100000,243988,1,7241.538,inf,7234.560,inf,33.725
mha_gat_fg_n2n_bwd_bench,0,NVIDIA RTX A6000,0,uniform,16,16,No,1000,10000,1,79.861,inf,74.752,inf,133.776
mha_gat_fg_n2n_bwd_bench,0,NVIDIA RTX A6000,1,uniform,16,16,No,1000,20000,1,124.525,inf,119.808,inf,166.934
mha_gat_fg_n2n_bwd_bench,0,NVIDIA RTX A6000,2,uniform,16,16,No,10000,200000,1,1055.983,inf,1050.624,inf,190.363
mha_gat_fg_n2n_bwd_bench,0,NVIDIA RTX A6000,3,uniform,16,16,No,10000,400000,1,2198.359,inf,2193.408,inf,182.365
mha_gat_fg_n2n_bwd_bench,0,NVIDIA RTX A6000,4,uniform,16,16,No,100000,4000000,1,24303.211,inf,24296.288,inf,164.634
mha_gat_fg_n2n_bwd_bench,0,NVIDIA RTX A6000,5,uniform,16,16,No,100000,8000000,1,56983.492,inf,56976.383,inf,140.409
mha_gat_fg_n2n_bwd_bench,0,NVIDIA RTX A6000,0,normal,16,16,No,1000,9646,1,95.951,inf,89.088,inf,108.275
mha_gat_fg_n2n_bwd_bench,0,NVIDIA RTX A6000,1,normal,16,16,No,1000,19754,1,154.672,inf,149.504,inf,132.130
mha_gat_fg_n2n_bwd_bench,0,NVIDIA RTX A6000,2,normal,16,16,No,10000,197527,1,1104.725,inf,1097.728,inf,179.942
mha_gat_fg_n2n_bwd_bench,0,NVIDIA RTX A6000,3,normal,16,16,No,10000,399665,1,2231.863,inf,2226.176,inf,179.530
mha_gat_fg_n2n_bwd_bench,0,NVIDIA RTX A6000,4,normal,16,16,No,100000,3980302,1,24932.338,inf,24925.184,inf,159.690
mha_gat_fg_n2n_bwd_bench,0,NVIDIA RTX A6000,5,normal,16,16,No,100000,8006558,1,60143.466,inf,60135.426,inf,133.142
mha_gat_fg_n2n_bwd_bench,0,NVIDIA RTX A6000,0,power,16,16,No,1000,2055,1,70.202,inf,64.512,inf,31.855
mha_gat_fg_n2n_bwd_bench,0,NVIDIA RTX A6000,1,power,16,16,No,1000,2182,1,89.629,inf,81.920,inf,26.636
mha_gat_fg_n2n_bwd_bench,0,NVIDIA RTX A6000,2,power,16,16,No,10000,22535,1,375.399,inf,369.664,inf,60.961
mha_gat_fg_n2n_bwd_bench,0,NVIDIA RTX A6000,3,power,16,16,No,10000,23634,1,432.075,inf,425.984,inf,55.481
mha_gat_fg_n2n_bwd_bench,0,NVIDIA RTX A6000,4,power,16,16,No,100000,236301,1,4476.529,inf,4470.784,inf,52.854
mha_gat_fg_n2n_bwd_bench,0,NVIDIA RTX A6000,5,power,16,16,No,100000,243988,1,5329.699,inf,5324.800,inf,45.821
mha_gat_fg_n2n_bwd_bench,0,NVIDIA RTX A6000,0,uniform,32,16,No,1000,10000,1,112.072,inf,106.496,inf,93.900
mha_gat_fg_n2n_bwd_bench,0,NVIDIA RTX A6000,1,uniform,32,16,No,1000,20000,1,171.062,inf,165.888,inf,120.563
mha_gat_fg_n2n_bwd_bench,0,NVIDIA RTX A6000,2,uniform,32,16,No,10000,200000,1,1541.650,inf,1535.040,inf,130.290
mha_gat_fg_n2n_bwd_bench,0,NVIDIA RTX A6000,3,uniform,32,16,No,10000,400000,1,3112.715,inf,3106.816,inf,128.749
mha_gat_fg_n2n_bwd_bench,0,NVIDIA RTX A6000,4,uniform,32,16,No,100000,4000000,1,33432.011,inf,33425.407,inf,119.669
mha_gat_fg_n2n_bwd_bench,0,NVIDIA RTX A6000,5,uniform,32,16,No,100000,8000000,1,71885.118,inf,71878.654,inf,111.299
mha_gat_fg_n2n_bwd_bench,0,NVIDIA RTX A6000,0,normal,32,16,No,1000,9646,1,120.678,inf,114.688,inf,84.106
mha_gat_fg_n2n_bwd_bench,0,NVIDIA RTX A6000,1,normal,32,16,No,1000,19754,1,207.822,inf,202.752,inf,97.429
mha_gat_fg_n2n_bwd_bench,0,NVIDIA RTX A6000,2,normal,32,16,No,10000,197527,1,1617.422,inf,1610.752,inf,122.630
mha_gat_fg_n2n_bwd_bench,0,NVIDIA RTX A6000,3,normal,32,16,No,10000,399665,1,3152.811,inf,3146.752,inf,127.009
mha_gat_fg_n2n_bwd_bench,0,NVIDIA RTX A6000,4,normal,32,16,No,100000,3980302,1,33374.642,inf,33367.039,inf,119.288
mha_gat_fg_n2n_bwd_bench,0,NVIDIA RTX A6000,5,normal,32,16,No,100000,8006558,1,77634.520,inf,77626.366,inf,103.142
mha_gat_fg_n2n_bwd_bench,0,NVIDIA RTX A6000,0,power,32,16,No,1000,2055,1,92.835,inf,87.040,inf,23.610
mha_gat_fg_n2n_bwd_bench,0,NVIDIA RTX A6000,1,power,32,16,No,1000,2182,1,104.046,inf,98.304,inf,22.196
mha_gat_fg_n2n_bwd_bench,0,NVIDIA RTX A6000,2,power,32,16,No,10000,22535,1,608.178,inf,601.088,inf,37.490
mha_gat_fg_n2n_bwd_bench,0,NVIDIA RTX A6000,3,power,32,16,No,10000,23634,1,655.026,inf,650.240,inf,36.347
mha_gat_fg_n2n_bwd_bench,0,NVIDIA RTX A6000,4,power,32,16,No,100000,236301,1,7104.779,inf,7099.392,inf,33.285
mha_gat_fg_n2n_bwd_bench,0,NVIDIA RTX A6000,5,power,32,16,No,100000,243988,1,8487.990,inf,8481.792,inf,28.766
mha_gat_fg_n2n_bwd_bench,0,NVIDIA RTX A6000,0,uniform,64,16,No,1000,10000,1,146.847,inf,141.312,inf,70.765
mha_gat_fg_n2n_bwd_bench,0,NVIDIA RTX A6000,1,uniform,64,16,No,1000,20000,1,253.107,inf,247.808,inf,80.708
mha_gat_fg_n2n_bwd_bench,0,NVIDIA RTX A6000,2,uniform,64,16,No,10000,200000,1,2339.456,inf,2334.720,inf,85.663
mha_gat_fg_n2n_bwd_bench,0,NVIDIA RTX A6000,3,uniform,64,16,No,10000,400000,1,4786.825,inf,4781.056,inf,83.664
mha_gat_fg_n2n_bwd_bench,0,NVIDIA RTX A6000,4,uniform,64,16,No,100000,4000000,1,49976.437,inf,49968.128,inf,80.051
mha_gat_fg_n2n_bwd_bench,0,NVIDIA RTX A6000,5,uniform,64,16,No,100000,8000000,1,105177.175,inf,105168.900,inf,76.068
mha_gat_fg_n2n_bwd_bench,0,NVIDIA RTX A6000,0,normal,64,16,No,1000,9646,1,171.894,inf,165.888,inf,58.148
mha_gat_fg_n2n_bwd_bench,0,NVIDIA RTX A6000,1,normal,64,16,No,1000,19754,1,305.376,inf,299.008,inf,66.065
mha_gat_fg_n2n_bwd_bench,0,NVIDIA RTX A6000,2,normal,64,16,No,10000,197527,1,2424.636,inf,2419.712,inf,81.632
mha_gat_fg_n2n_bwd_bench,0,NVIDIA RTX A6000,3,normal,64,16,No,10000,399665,1,4858.020,inf,4852.736,inf,82.359
mha_gat_fg_n2n_bwd_bench,0,NVIDIA RTX A6000,4,normal,64,16,No,100000,3980302,1,49436.838,inf,49429.504,inf,80.525
mha_gat_fg_n2n_bwd_bench,0,NVIDIA RTX A6000,5,normal,64,16,No,100000,8006558,1,109829.074,inf,109820.930,inf,72.906
mha_gat_fg_n2n_bwd_bench,0,NVIDIA RTX A6000,0,power,64,16,No,1000,2055,1,107.082,inf,100.352,inf,20.478
mha_gat_fg_n2n_bwd_bench,0,NVIDIA RTX A6000,1,power,64,16,No,1000,2182,1,117.182,inf,111.616,inf,19.549
mha_gat_fg_n2n_bwd_bench,0,NVIDIA RTX A6000,2,power,64,16,No,10000,22535,1,748.072,inf,742.400,inf,30.354
mha_gat_fg_n2n_bwd_bench,0,NVIDIA RTX A6000,3,power,64,16,No,10000,23634,1,859.522,inf,854.016,inf,27.674
mha_gat_fg_n2n_bwd_bench,0,NVIDIA RTX A6000,4,power,64,16,No,100000,236301,1,8955.974,inf,8948.736,inf,26.406
mha_gat_fg_n2n_bwd_bench,0,NVIDIA RTX A6000,5,power,64,16,No,100000,243988,1,11394.717,inf,11387.904,inf,21.425
